Werkinformationen,Unnamed: 1,Unnamed: 2,Unnamed: 3,Unnamed: 4,Unnamed: 5,Unnamed: 6,Unnamed: 7,Unnamed: 8,Unnamed: 9,Unnamed: 10,Unnamed: 11,Unnamed: 12,Unnamed: 13,Unnamed: 14,Unnamed: 15,Besetzung,Unnamed: 17,Beteiligte,Unnamed: 19,Unnamed: 20,Unnamed: 21,Unnamed: 22,Unnamed: 23,Unnamed: 24,Unnamed: 25,Unnamed: 26,Unnamed: 27,Unnamed: 28,Unnamed: 29,Unnamed: 30,Vertritt,Unnamed: 32,Unnamed: 33,Unnamed: 34,Unnamed: 35
Werknummer,Titel,Registrierstatus,Freie Vereinbarung,Verbundene Schutzfrist,ISWC,ISRC,Verlagswerknummern,Erstmals geladen,Letzte Aktualisierung,Sprache,Gattung,Dauer,AR streitig,VR streitig,Weitere Titel,Besetzung,Interpretinnen / Interpreten,Name,IP-Name-Nr.,Rolle,Reihenfolge Verlagsrollen,Urheber/-in-Verlagsbeziehung,AR-Anteil Detailansicht,VR-Anteil Detailansicht,AR-Anteil (kumuliert),VR-Anteil (kumuliert),Gesellschaft AR,Gesellschaft VR,AR streitig,VR streitig,Name,IP-Name-Nr.,Rolle,Schedule Number,Vereinbarungsnummer
858878-001,INTRADE,1,Nein,Nein,T8018803414,,,13.10.2002,25.05.2024,,,00:01:30,-,-,,"BLAESERENSEMBLE (Anzahl Instrumente 1, Anzahl Spieler/-innen 4, Anzahl Stimmen 4)",,"VOGT, EMANUEL",266446936,Komponist/-in,,E1,66.67,60,66.67,60,GEMA,GEMA,-,-,-,-,-,-,-
858878-001,INTRADE,1,Nein,Nein,T8018803414,,,13.10.2002,25.05.2024,,,00:01:30,-,-,,"BLAESERENSEMBLE (Anzahl Instrumente 1, Anzahl Spieler/-innen 4, Anzahl Stimmen 4)",,MERSEBURGER BERLIN VERLAG GMBH,20574120,Originalverlag,E1,,33.33,40,33.33,40,GEMA,GEMA,-,-,"VOGT, EMANUEL",266446936,Komponist/-in,-,-
977656-001,VORSPIEL D-MOLL,1,Nein,Nein,T8020973212,,,13.10.2002,25.05.2024,,,00:02:00,-,-,,"ORGEL (Anzahl Instrumente 1, Anzahl Spieler/-innen 0, Anzahl Stimmen 0)",,"VOGT, EMANUEL",266446936,Komponist/-in,,E1,66.67,60,66.67,60,GEMA,GEMA,-,-,-,-,-,-,-
977656-001,VORSPIEL D-MOLL,1,Nein,Nein,T8020973212,,,13.10.2002,25.05.2024,,,00:02:00,-,-,,"ORGEL (Anzahl Instrumente 1, Anzahl Spieler/-innen 0, Anzahl Stimmen 0)",,MERSEBURGER BERLIN VERLAG GMBH,20574120,Originalverlag,E1,,33.33,40,33.33,40,GEMA,GEMA,-,-,"VOGT, EMANUEL",266446936,Komponist/-in,-,-
977660-001,VORSPIEL E-DUR,1,Nein,Nein,T8020973096,,,13.10.2002,25.05.2024,,,00:02:00,-,-,,"ORGEL (Anzahl Instrumente 1, Anzahl Spieler/-innen 0, Anzahl Stimmen 0)",,"VOGT, EMANUEL",266446936,Komponist/-in,,E1,66.67,60,66.67,60,GEMA,GEMA,-,-,-,-,-,-,-
977660-001,VORSPIEL E-DUR,1,Nein,Nein,T8020973096,,,13.10.2002,25.05.2024,,,00:02:00,-,-,,"ORGEL (Anzahl Instrumente 1, Anzahl Spieler/-innen 0, Anzahl Stimmen 0)",,MERSEBURGER BERLIN VERLAG GMBH,20574120,Originalverlag,E1,,33.33,40,33.33,40,GEMA,GEMA,-,-,"VOGT, EMANUEL",266446936,Komponist/-in,-,-
977662-001,PRAELUDIUM E-MOLL,1,Nein,Nein,T8020973030,,,13.10.2002,25.05.2024,,,00:02:00,-,-,,"ORGEL (Anzahl Instrumente 1, Anzahl Spieler/-innen 0, Anzahl Stimmen 0)",,"VOGT, EMANUEL",266446936,Komponist/-in,,E1,66.67,60,66.67,60,GEMA,GEMA,-,-,-,-,-,-,-
977662-001,PRAELUDIUM E-MOLL,1,Nein,Nein,T8020973030,,,13.10.2002,25.05.2024,,,00:02:00,-,-,,"ORGEL (Anzahl Instrumente 1, Anzahl Spieler/-innen 0, Anzahl Stimmen 0)",,MERSEBURGER BERLIN VERLAG GMBH,20574120,Originalverlag,E1,,33.33,40,33.33,40,GEMA,GEMA,-,-,"VOGT, EMANUEL",266446936,Komponist/-in,-,-
977669-001,LENTO G-DUR,1,Nein,Nein,T8020972811,,,13.10.2002,25.05.2024,,,00:02:00,-,-,,"ORGEL (Anzahl Instrumente 1, Anzahl Spieler/-innen 0, Anzahl Stimmen 0)",,"VOGT, EMANUEL",266446936,Komponist/-in,,E1,66.67,60,66.67,60,GEMA,GEMA,-,-,-,-,-,-,-
977669-001,LENTO G-DUR,1,Nein,Nein,T8020972811,,,13.10.2002,25.05.2024,,,00:02:00,-,-,,"ORGEL (Anzahl Instrumente 1, Anzahl Spieler/-innen 0, Anzahl Stimmen 0)",,MERSEBURGER BERLIN VERLAG GMBH,20574120,Originalverlag,E1,,33.33,40,33.33,40,GEMA,GEMA,-,-,"VOGT, EMANUEL",266446936,Komponist/-in,-,-
977683-001,INTERMEZZO A-MOLL,1,Nein,Nein,T8020972571,,,13.10.2002,25.05.2024,,,00:02:00,-,-,,"ORGEL (Anzahl Instrumente 1, Anzahl Spieler/-innen 0, Anzahl Stimmen 0)",,"VOGT, EMANUEL",266446936,Komponist/-in,,E1,66.67,60,66.67,60,GEMA,GEMA,-,-,-,-,-,-,-
977683-001,INTERMEZZO A-MOLL,1,Nein,Nein,T8020972571,,,13.10.2002,25.05.2024,,,00:02:00,-,-,,"ORGEL (Anzahl Instrumente 1, Anzahl Spieler/-innen 0, Anzahl Stimmen 0)",,MERSEBURGER BERLIN VERLAG GMBH,20574120,Originalverlag,E1,,33.33,40,33.33,40,GEMA,GEMA,-,-,"VOGT, EMANUEL",266446936,Komponist/-in,-,-
977685-001,VORSPIEL H-MOLL,1,Nein,Nein,T8020972537,,,13.10.2002,25.05.2024,,,00:02:00,-,-,,"ORGEL (Anzahl Instrumente 1, Anzahl Spieler/-innen 0, Anzahl Stimmen 0)",,"VOGT, EMANUEL",266446936,Komponist/-in,,E1,66.67,60,66.67,60,GEMA,GEMA,-,-,-,-,-,-,-
977685-001,VORSPIEL H-MOLL,1,Nein,Nein,T8020972537,,,13.10.2002,25.05.2024,,,00:02:00,-,-,,"ORGEL (Anzahl Instrumente 1, Anzahl Spieler/-innen 0, Anzahl Stimmen 0)",,MERSEBURGER BERLIN VERLAG GMBH,20574120,Originalverlag,E1,,33.33,40,33.33,40,GEMA,GEMA,-,-,"VOGT, EMANUEL",266446936,Komponist/-in,-,-
1218027-003,GOTTES GEIST IN DIESER ZEIT,1,Nein,Nein,T8032453912,,,10.06.2013,09.12.2024,DEUTSCH,LIED,00:00:45,-,-,,"TASTENINSTRUMENT (Anzahl Instrumente 1, Anzahl Spieler/-innen 0, Anzahl Stimmen 0)",,"PETZOLD, JOHANNES",24174508,Komponist/-in,,E2,37.12,25,37.12,25,GEMA,GEMA,-,-,-,-,-,-,-
1218027-003,GOTTES GEIST IN DIESER ZEIT,1,Nein,Nein,T8032453912,,,10.06.2013,09.12.2024,DEUTSCH,LIED,00:00:45,-,-,,"TASTENINSTRUMENT (Anzahl Instrumente 1, Anzahl Spieler/-innen 0, Anzahl Stimmen 0)",,"VOGT, EMANUEL",266446936,Bearbeiter/-in,,,8.33,0,8.33,0,GEMA,,-,-,-,-,-,-,-
1218027-003,GOTTES GEIST IN DIESER ZEIT,1,Nein,Nein,T8032453912,,,10.06.2013,09.12.2024,DEUTSCH,LIED,00:00:45,-,-,,"TASTENINSTRUMENT (Anzahl Instrumente 1, Anzahl Spieler/-innen 0, Anzahl Stimmen 0)",,"ANGER, ERHARD",1028749,Textdichter/-in,,E1,24,25,24,25,GEMA,GEMA,-,-,-,-,-,-,-
1218027-003,GOTTES GEIST IN DIESER ZEIT,1,Nein,Nein,T8032453912,,,10.06.2013,09.12.2024,DEUTSCH,LIED,00:00:45,-,-,,"TASTENINSTRUMENT (Anzahl Instrumente 1, Anzahl Spieler/-innen 0, Anzahl Stimmen 0)",,DEUTSCHER VERLAG FUER MUSIK LEIPZIG GMBH,763776103,Originalverlag,E1,,12,25,30.55,50,GEMA,GEMA,-,-,"ANGER, ERHARD",1028749,Textdichter/-in,-,-
1218027-003,GOTTES GEIST IN DIESER ZEIT,1,Nein,Nein,T8032453912,,,10.06.2013,09.12.2024,DEUTSCH,LIED,00:00:45,-,-,,"TASTENINSTRUMENT (Anzahl Instrumente 1, Anzahl Spieler/-innen 0, Anzahl Stimmen 0)",,DEUTSCHER VERLAG FUER MUSIK LEIPZIG GMBH,763776103,Originalverlag,E2,,18.55,25,30.55,50,GEMA,GEMA,-,-,"PETZOLD, JOHANNES",24174508,Komponist/-in,-,-
1474492-004,"O HERR, NIMM UNSRE SCHULD GL 168",1,Nein,Nein,T8024330857,,,11.01.2003,23.08.2024,,,00:00:50,-,-,O GUD TAG BORT DEN SKULD | THEMA UND VARIANTEN(8) | KLEINES GEISTLICHES KONZERT,"ORGEL (Anzahl Instrumente 1, Anzahl Spieler/-innen 0, Anzahl Stimmen 0)",,"LOTZ, HANS-GEORG",38856055,Komponist/-in,,E1,37.12,30,37.12,30,GEMA,GEMA,-,-,-,-,-,-,-
1474492-004,"O HERR, NIMM UNSRE SCHULD GL 168",1,Nein,Nein,T8024330857,,,11.01.2003,23.08.2024,,,00:00:50,-,-,O GUD TAG BORT DEN SKULD | THEMA UND VARIANTEN(8) | KLEINES GEISTLICHES KONZERT,"ORGEL (Anzahl Instrumente 1, Anzahl Spieler/-innen 0, Anzahl Stimmen 0)",,"VOGT, EMANUEL",266446936,Bearbeiter/-in,,,8.33,0,8.33,0,GEMA,,-,-,-,-,-,-,-
1474492-004,"O HERR, NIMM UNSRE SCHULD GL 168",1,Nein,Nein,T8024330857,,,11.01.2003,23.08.2024,,,00:00:50,-,-,O GUD TAG BORT DEN SKULD | THEMA UND VARIANTEN(8) | KLEINES GEISTLICHES KONZERT,"ORGEL (Anzahl Instrumente 1, Anzahl Spieler/-innen 0, Anzahl Stimmen 0)",,"LOTZ, HANS-GEORG",38856055,Textdichter/-in,,E2,24,30,24,30,GEMA,GEMA,-,-,-,-,-,-,-
1474492-004,"O HERR, NIMM UNSRE SCHULD GL 168",1,Nein,Nein,T8024330857,,,11.01.2003,23.08.2024,,,00:00:50,-,-,O GUD TAG BORT DEN SKULD | THEMA UND VARIANTEN(8) | KLEINES GEISTLICHES KONZERT,"ORGEL (Anzahl Instrumente 1, Anzahl Spieler/-innen 0, Anzahl Stimmen 0)",,SINGENDE GEMEINDE,58520478,Originalverlag,E1,,18.55,20,30.55,40,,,-,-,"LOTZ, HANS-GEORG",38856055,Komponist/-in,-,-
1474492-004,"O HERR, NIMM UNSRE SCHULD GL 168",1,Nein,Nein,T8024330857,,,11.01.2003,23.08.2024,,,00:00:50,-,-,O GUD TAG BORT DEN SKULD | THEMA UND VARIANTEN(8) | KLEINES GEISTLICHES KONZERT,"ORGEL (Anzahl Instrumente 1, Anzahl Spieler/-innen 0, Anzahl Stimmen 0)",,SINGENDE GEMEINDE,58520478,Originalverlag,E2,,12,20,30.55,40,,,-,-,"LOTZ, HANS-GEORG",38856055,Textdichter/-in,-,-
1563478-001,WENN MEIN STUENDLEIN VORHANDEN IST,1,Nein,Nein,T8001575801,,,14.10.2002,25.05.2024,,CHORALVORSPIEL,,-,-,,,,"VOGT, EMANUEL",266446936,Komponist/-in,,E1,66.67,60,66.67,60,GEMA,GEMA,-,-,-,-,-,-,-
1563478-001,WENN MEIN STUENDLEIN VORHANDEN IST,1,Nein,Nein,T8001575801,,,14.10.2002,25.05.2024,,CHORALVORSPIEL,,-,-,,,,EDITION THOMI-BERG,1150061610,Originalverlag,E1,,33.33,40,33.33,40,GEMA,GEMA,-,-,"VOGT, EMANUEL",266446936,Komponist/-in,-,-
1563512-001,"CHRISTE, DU BIST DER HELLE TAG",1,Nein,Nein,T8001574364,,,14.10.2002,25.05.2024,,CHORALVORSPIEL,,-,-,,,,"VOGT, EMANUEL",266446936,Komponist/-in,,E1,66.67,60,66.67,60,GEMA,GEMA,-,-,-,-,-,-,-
1563512-001,"CHRISTE, DU BIST DER HELLE TAG",1,Nein,Nein,T8001574364,,,14.10.2002,25.05.2024,,CHORALVORSPIEL,,-,-,,,,EDITION THOMI-BERG,1150061610,Originalverlag,E1,,33.33,40,33.33,40,GEMA,GEMA,-,-,"VOGT, EMANUEL",266446936,Komponist/-in,-,-
2071563-002,"HORCH, WIE DIE SCHAR DER ENGEL SINGT",1,Nein,Nein,T8002794448,,,15.10.2002,11.08.2025,,,00:02:00,-,-,,,,DP,39657154,Komponist/-in,,,25.6,0,25.6,0,DP,DP,-,-,-,-,-,-,-
2071563-002,"HORCH, WIE DIE SCHAR DER ENGEL SINGT",1,Nein,Nein,T8002794448,,,15.10.2002,11.08.2025,,,00:02:00,-,-,,,,"VOGT, EMANUEL",266446936,Bearbeiter/-in,,E2,17.07,60,17.07,60,GEMA,GEMA,-,-,-,-,-,-,-
2071563-002,"HORCH, WIE DIE SCHAR DER ENGEL SINGT",1,Nein,Nein,T8002794448,,,15.10.2002,11.08.2025,,,00:02:00,-,-,,,,DP,39657154,Textdichter/-in,,E1,24,0,24,0,DP,DP,-,-,-,-,-,-,-
2071563-002,"HORCH, WIE DIE SCHAR DER ENGEL SINGT",1,Nein,Nein,T8002794448,,,15.10.2002,11.08.2025,,,00:02:00,-,-,,,,SAALECK-VERLAG INH PROF KILIAN MORITZ,1300200940,Originalverlag,E1,,12,20,33.33,40,GEMA,GEMA,-,-,DP,39657154,Textdichter/-in,-,-
2071563-002,"HORCH, WIE DIE SCHAR DER ENGEL SINGT",1,Nein,Nein,T8002794448,,,15.10.2002,11.08.2025,,,00:02:00,-,-,,,,SAALECK-VERLAG INH PROF KILIAN MORITZ,1300200940,Originalverlag,E2,,21.33,20,33.33,40,GEMA,GEMA,-,-,"VOGT, EMANUEL",266446936,Bearbeiter/-in,-,-
2071564-002,EINE GROSSE FREUD VERKUEND ICH EUCH,1,Nein,Nein,T8002794415,,,15.10.2002,11.08.2025,DEUTSCH,CHORLIED,00:01:50,-,-,EINE GROSSE FREUD VERKUEND ICH EUCH UND ALLEN VOLK,"GEMISCHTER CHOR (Anzahl Instrumente 1, Anzahl Spieler/-innen 0, Anzahl Stimmen 4)",,DP,39657154,Komponist/-in,,,25.6,0,25.6,0,DP,DP,-,-,-,-,-,-,-
2071564-002,EINE GROSSE FREUD VERKUEND ICH EUCH,1,Nein,Nein,T8002794415,,,15.10.2002,11.08.2025,DEUTSCH,CHORLIED,00:01:50,-,-,EINE GROSSE FREUD VERKUEND ICH EUCH UND ALLEN VOLK,"GEMISCHTER CHOR (Anzahl Instrumente 1, Anzahl Spieler/-innen 0, Anzahl Stimmen 4)",,"VOGT, EMANUEL",266446936,Bearbeiter/-in,,E2,17.07,60,17.07,60,GEMA,GEMA,-,-,-,-,-,-,-
2071564-002,EINE GROSSE FREUD VERKUEND ICH EUCH,1,Nein,Nein,T8002794415,,,15.10.2002,11.08.2025,DEUTSCH,CHORLIED,00:01:50,-,-,EINE GROSSE FREUD VERKUEND ICH EUCH UND ALLEN VOLK,"GEMISCHTER CHOR (Anzahl Instrumente 1, Anzahl Spieler/-innen 0, Anzahl Stimmen 4)",,DP,39657154,Textdichter/-in,,E1,24,0,24,0,DP,DP,-,-,-,-,-,-,-
2071564-002,EINE GROSSE FREUD VERKUEND ICH EUCH,1,Nein,Nein,T8002794415,,,15.10.2002,11.08.2025,DEUTSCH,CHORLIED,00:01:50,-,-,EINE GROSSE FREUD VERKUEND ICH EUCH UND ALLEN VOLK,"GEMISCHTER CHOR (Anzahl Instrumente 1, Anzahl Spieler/-innen 0, Anzahl Stimmen 4)",,SAALECK-VERLAG INH PROF KILIAN MORITZ,1300200940,Originalverlag,E1,,12,20,33.33,40,GEMA,GEMA,-,-,DP,39657154,Textdichter/-in,-,-
2071564-002,EINE GROSSE FREUD VERKUEND ICH EUCH,1,Nein,Nein,T8002794415,,,15.10.2002,11.08.2025,DEUTSCH,CHORLIED,00:01:50,-,-,EINE GROSSE FREUD VERKUEND ICH EUCH UND ALLEN VOLK,"GEMISCHTER CHOR (Anzahl Instrumente 1, Anzahl Spieler/-innen 0, Anzahl Stimmen 4)",,SAALECK-VERLAG INH PROF KILIAN MORITZ,1300200940,Originalverlag,E2,,21.33,20,33.33,40,GEMA,GEMA,-,-,"VOGT, EMANUEL",266446936,Bearbeiter/-in,-,-
2245730-001,MESSE,1,Nein,Nein,T8007901341,,,15.10.2002,25.05.2024,,,00:15:00,-,-,BENEDICTUS | AGNUS DEI | CREDO | GLORIA | SANCTUS | KYRIE,,,"VOGT, EMANUEL",266446936,Komponist/-in,,E2,42.67,60,42.67,60,GEMA,GEMA,-,-,-,-,-,-,-
2245730-001,MESSE,1,Nein,Nein,T8007901341,,,15.10.2002,25.05.2024,,,00:15:00,-,-,BENEDICTUS | AGNUS DEI | CREDO | GLORIA | SANCTUS | KYRIE,,,DP,39657154,Textdichter/-in,,E1,24,0,24,0,DP,DP,-,-,-,-,-,-,-
2245730-001,MESSE,1,Nein,Nein,T8007901341,,,15.10.2002,25.05.2024,,,00:15:00,-,-,BENEDICTUS | AGNUS DEI | CREDO | GLORIA | SANCTUS | KYRIE,,,ARENDS PAUL C R VERLAG OHG,473089436,Originalverlag,E1,,12,20,33.33,40,GEMA,GEMA,-,-,DP,39657154,Textdichter/-in,-,-
2245730-001,MESSE,1,Nein,Nein,T8007901341,,,15.10.2002,25.05.2024,,,00:15:00,-,-,BENEDICTUS | AGNUS DEI | CREDO | GLORIA | SANCTUS | KYRIE,,,ARENDS PAUL C R VERLAG OHG,473089436,Originalverlag,E2,,21.33,20,33.33,40,GEMA,GEMA,-,-,"VOGT, EMANUEL",266446936,Komponist/-in,-,-
2816644-001,NEUENDETTELSAUER INTRADE,1,Nein,Nein,T8010811334,,,15.10.2002,25.05.2024,,,00:01:40,-,-,,,,"VOGT, EMANUEL",266446936,Komponist/-in,,E1,66.67,60,66.67,60,GEMA,GEMA,-,-,-,-,-,-,-
2816644-001,NEUENDETTELSAUER INTRADE,1,Nein,Nein,T8010811334,,,15.10.2002,25.05.2024,,,00:01:40,-,-,,,,BUND CHRISTLICHER POSAUNENCHOERE DEUTSCHLANDS,4562512,Originalverlag,E1,,33.33,40,33.33,40,GEMA,GEMA,-,-,"VOGT, EMANUEL",266446936,Komponist/-in,-,-
2944286-001,ALS DIE WELT VERLOREN,1,Nein,Nein,T8014837061,,,15.10.2002,09.09.2025,,CHORALVORSPIEL,00:00:45,-,-,,"ORGEL (Anzahl Instrumente 1, Anzahl Spieler/-innen 0, Anzahl Stimmen 0)",,"VOGT, EMANUEL",266446936,Komponist/-in,,E1,66.67,60,66.67,60,GEMA,GEMA,-,-,-,-,-,-,-
2944286-001,ALS DIE WELT VERLOREN,1,Nein,Nein,T8014837061,,,15.10.2002,09.09.2025,,CHORALVORSPIEL,00:00:45,-,-,,"ORGEL (Anzahl Instrumente 1, Anzahl Spieler/-innen 0, Anzahl Stimmen 0)",,BREITKOPF & HAERTEL KG,852149827,Originalverlag,E1,,33.33,40,33.33,40,GEMA,GEMA,-,-,"VOGT, EMANUEL",266446936,Komponist/-in,-,-
2944289-001,DAS IST KOESTLICH,1,Nein,Nein,T8014836988,,,15.10.2002,09.09.2025,,CHORALVORSPIEL,00:00:55,-,-,,"ORGEL (Anzahl Instrumente 1, Anzahl Spieler/-innen 0, Anzahl Stimmen 0)",,"VOGT, EMANUEL",266446936,Komponist/-in,,E1,66.67,60,66.67,60,GEMA,GEMA,-,-,-,-,-,-,-
2944289-001,DAS IST KOESTLICH,1,Nein,Nein,T8014836988,,,15.10.2002,09.09.2025,,CHORALVORSPIEL,00:00:55,-,-,,"ORGEL (Anzahl Instrumente 1, Anzahl Spieler/-innen 0, Anzahl Stimmen 0)",,BREITKOPF & HAERTEL KG,852149827,Originalverlag,E1,,33.33,40,33.33,40,GEMA,GEMA,-,-,"VOGT, EMANUEL",266446936,Komponist/-in,-,-
2944291-001,DEIN KOENIG KOMMT,1,Nein,Nein,T8014836808,,,15.10.2002,09.09.2025,,CHORALVORSPIEL,00:01:20,-,-,,"ORGEL (Anzahl Instrumente 1, Anzahl Spieler/-innen 0, Anzahl Stimmen 0)",,"VOGT, EMANUEL",266446936,Komponist/-in,,E1,66.67,60,66.67,60,GEMA,GEMA,-,-,-,-,-,-,-
2944291-001,DEIN KOENIG KOMMT,1,Nein,Nein,T8014836808,,,15.10.2002,09.09.2025,,CHORALVORSPIEL,00:01:20,-,-,,"ORGEL (Anzahl Instrumente 1, Anzahl Spieler/-innen 0, Anzahl Stimmen 0)",,BREITKOPF & HAERTEL KG,852149827,Originalverlag,E1,,33.33,40,33.33,40,GEMA,GEMA,-,-,"VOGT, EMANUEL",266446936,Komponist/-in,-,-
2944293-001,"ER IST ERSTANDEN, HALLELUJA",1,Nein,Nein,T8014836784,,,15.10.2002,09.09.2025,,CHORALVORSPIEL,00:01:00,-,-,,"ORGEL (Anzahl Instrumente 1, Anzahl Spieler/-innen 0, Anzahl Stimmen 0)",,"VOGT, EMANUEL",266446936,Komponist/-in,,E1,66.67,60,66.67,60,GEMA,GEMA,-,-,-,-,-,-,-
2944293-001,"ER IST ERSTANDEN, HALLELUJA",1,Nein,Nein,T8014836784,,,15.10.2002,09.09.2025,,CHORALVORSPIEL,00:01:00,-,-,,"ORGEL (Anzahl Instrumente 1, Anzahl Spieler/-innen 0, Anzahl Stimmen 0)",,BREITKOPF & HAERTEL KG,852149827,Originalverlag,E1,,33.33,40,33.33,40,GEMA,GEMA,-,-,"VOGT, EMANUEL",266446936,Komponist/-in,-,-
2944295-001,GOTT SEI DANK DURCH ALLE WELT,1,Nein,Nein,T8014836524,,,15.10.2002,09.09.2025,,CHORALVORSPIEL,00:00:35,-,-,,"ORGEL (Anzahl Instrumente 1, Anzahl Spieler/-innen 0, Anzahl Stimmen 0)",,"VOGT, EMANUEL",266446936,Komponist/-in,,E1,66.67,60,66.67,60,GEMA,GEMA,-,-,-,-,-,-,-
2944295-001,GOTT SEI DANK DURCH ALLE WELT,1,Nein,Nein,T8014836524,,,15.10.2002,09.09.2025,,CHORALVORSPIEL,00:00:35,-,-,,"ORGEL (Anzahl Instrumente 1, Anzahl Spieler/-innen 0, Anzahl Stimmen 0)",,BREITKOPF & HAERTEL KG,852149827,Originalverlag,E1,,33.33,40,33.33,40,GEMA,GEMA,-,-,"VOGT, EMANUEL",266446936,Komponist/-in,-,-
3259498-001,VALET WILL ICH DIR GEBEN EG 523,1,Nein,Nein,T8007533258,,,15.10.2002,09.09.2025,,CHORALVORSPIEL,00:00:55,-,-,,"ORGEL (Anzahl Instrumente 1, Anzahl Spieler/-innen 0, Anzahl Stimmen 0)",,"VOGT, EMANUEL",266446936,Komponist/-in,,E1,66.67,60,66.67,60,GEMA,GEMA,-,-,-,-,-,-,-
3259498-001,VALET WILL ICH DIR GEBEN EG 523,1,Nein,Nein,T8007533258,,,15.10.2002,09.09.2025,,CHORALVORSPIEL,00:00:55,-,-,,"ORGEL (Anzahl Instrumente 1, Anzahl Spieler/-innen 0, Anzahl Stimmen 0)",,BREITKOPF & HAERTEL KG,852149827,Originalverlag,E1,,33.33,40,33.33,40,GEMA,GEMA,-,-,"VOGT, EMANUEL",266446936,Komponist/-in,-,-
3259500-001,WENN MEIN STUENDLEIN VORHANDEN IST EG 522,1,Nein,Nein,T8007533203,,,15.10.2002,09.09.2025,,CHORALVORSPIEL,00:01:30,-,-,,"ORGEL (Anzahl Instrumente 1, Anzahl Spieler/-innen 0, Anzahl Stimmen 0)",,"VOGT, EMANUEL",266446936,Komponist/-in,,E1,66.67,60,66.67,60,GEMA,GEMA,-,-,-,-,-,-,-
3259500-001,WENN MEIN STUENDLEIN VORHANDEN IST EG 522,1,Nein,Nein,T8007533203,,,15.10.2002,09.09.2025,,CHORALVORSPIEL,00:01:30,-,-,,"ORGEL (Anzahl Instrumente 1, Anzahl Spieler/-innen 0, Anzahl Stimmen 0)",,BREITKOPF & HAERTEL KG,852149827,Originalverlag,E1,,33.33,40,33.33,40,GEMA,GEMA,-,-,"VOGT, EMANUEL",266446936,Komponist/-in,-,-
3259501-001,WIR PFLUEGEN UND WIR STREUEN EG 508,1,Nein,Nein,T8007533178,,,15.10.2002,09.09.2025,,CHORALVORSPIEL,00:00:55,-,-,,"ORGEL (Anzahl Instrumente 1, Anzahl Spieler/-innen 0, Anzahl Stimmen 0)",,"VOGT, EMANUEL",266446936,Komponist/-in,,E1,66.67,60,66.67,60,GEMA,GEMA,-,-,-,-,-,-,-
3259501-001,WIR PFLUEGEN UND WIR STREUEN EG 508,1,Nein,Nein,T8007533178,,,15.10.2002,09.09.2025,,CHORALVORSPIEL,00:00:55,-,-,,"ORGEL (Anzahl Instrumente 1, Anzahl Spieler/-innen 0, Anzahl Stimmen 0)",,BREITKOPF & HAERTEL KG,852149827,Originalverlag,E1,,33.33,40,33.33,40,GEMA,GEMA,-,-,"VOGT, EMANUEL",266446936,Komponist/-in,-,-
3259502-001,"HIMMEL, ERDE, LUFT UND MEER EG 504",1,Nein,Nein,T8007533087,,,15.10.2002,09.09.2025,,CHORALVORSPIEL,00:01:10,-,-,,"ORGEL (Anzahl Instrumente 1, Anzahl Spieler/-innen 0, Anzahl Stimmen 0)",,"VOGT, EMANUEL",266446936,Komponist/-in,,E1,66.67,60,66.67,60,GEMA,GEMA,-,-,-,-,-,-,-
3259502-001,"HIMMEL, ERDE, LUFT UND MEER EG 504",1,Nein,Nein,T8007533087,,,15.10.2002,09.09.2025,,CHORALVORSPIEL,00:01:10,-,-,,"ORGEL (Anzahl Instrumente 1, Anzahl Spieler/-innen 0, Anzahl Stimmen 0)",,BREITKOPF & HAERTEL KG,852149827,Originalverlag,E1,,33.33,40,33.33,40,GEMA,GEMA,-,-,"VOGT, EMANUEL",266446936,Komponist/-in,-,-
3259504-001,DU HOECHSTES LICHT EG 441,1,Nein,Nein,T8007533043,,,15.10.2002,09.09.2025,,CHORALVORSPIEL,00:00:45,-,-,,"ORGEL (Anzahl Instrumente 1, Anzahl Spieler/-innen 0, Anzahl Stimmen 0)",,"VOGT, EMANUEL",266446936,Komponist/-in,,E1,66.67,60,66.67,60,GEMA,GEMA,-,-,-,-,-,-,-
3259504-001,DU HOECHSTES LICHT EG 441,1,Nein,Nein,T8007533043,,,15.10.2002,09.09.2025,,CHORALVORSPIEL,00:00:45,-,-,,"ORGEL (Anzahl Instrumente 1, Anzahl Spieler/-innen 0, Anzahl Stimmen 0)",,BREITKOPF & HAERTEL KG,852149827,Originalverlag,E1,,33.33,40,33.33,40,GEMA,GEMA,-,-,"VOGT, EMANUEL",266446936,Komponist/-in,-,-
3259505-001,WENN WIR IN HOECHSTEN NOETEN SEIN EG 366,1,Nein,Nein,T8007533010,,,15.10.2002,09.09.2025,,CHORALVORSPIEL,00:01:00,-,-,,"ORGEL (Anzahl Instrumente 1, Anzahl Spieler/-innen 0, Anzahl Stimmen 0)",,"VOGT, EMANUEL",266446936,Komponist/-in,,E1,66.67,60,66.67,60,GEMA,GEMA,-,-,-,-,-,-,-
3259505-001,WENN WIR IN HOECHSTEN NOETEN SEIN EG 366,1,Nein,Nein,T8007533010,,,15.10.2002,09.09.2025,,CHORALVORSPIEL,00:01:00,-,-,,"ORGEL (Anzahl Instrumente 1, Anzahl Spieler/-innen 0, Anzahl Stimmen 0)",,BREITKOPF & HAERTEL KG,852149827,Originalverlag,E1,,33.33,40,33.33,40,GEMA,GEMA,-,-,"VOGT, EMANUEL",266446936,Komponist/-in,-,-
4338475-001,INTROITUS-PSALM 23,1,Nein,Nein,T8009710753,,,16.10.2002,25.05.2024,,,00:02:10,-,-,,,,"VOGT, EMANUEL",266446936,Komponist/-in,,,64,100,64,100,GEMA,GEMA,-,-,-,-,-,-,-
4338475-001,INTROITUS-PSALM 23,1,Nein,Nein,T8009710753,,,16.10.2002,25.05.2024,,,00:02:10,-,-,,,,"LUTHER, MARTIN",18790860,Textdichter/-in,,,36,0,36,0,DP,DP,-,-,-,-,-,-,-
4346458-001,WINDSBACHER PSALMEN,1,Nein,Nein,T8008058581,,,16.10.2002,07.09.2024,,,00:46:32,-,-,"BENEDICTUS(LUC.1) | PSALM 123 | JESAJA 53(SIEHE, DAS IST GOTTES LAMM) | PSALM 149 | PSALM 19 | PSALM 92#2, 6-9 | PSALM 31 | PSALM 4 | PSALM 103#1-5, 8-13 | PSALM 103#1-13 | NUNC DIMITTIS NR.1(LUC.2) | PSALM 96 | PSALM 22 | PSALM 143#1-11 | NUNC DIMITTIS NR.2(LUC.2) | PSALM 148#1-14 | PSALM 102 | PSALM 24 | PSALM 42","GEMISCHTER CHOR (Anzahl Instrumente 1, Anzahl Spieler/-innen 0, Anzahl Stimmen 0)",,"VOGT, EMANUEL",266446936,Komponist/-in,,E2,42.67,30,42.67,30,GEMA,GEMA,-,-,-,-,-,-,-
4346458-001,WINDSBACHER PSALMEN,1,Nein,Nein,T8008058581,,,16.10.2002,07.09.2024,,,00:46:32,-,-,"BENEDICTUS(LUC.1) | PSALM 123 | JESAJA 53(SIEHE, DAS IST GOTTES LAMM) | PSALM 149 | PSALM 19 | PSALM 92#2, 6-9 | PSALM 31 | PSALM 4 | PSALM 103#1-5, 8-13 | PSALM 103#1-13 | NUNC DIMITTIS NR.1(LUC.2) | PSALM 96 | PSALM 22 | PSALM 143#1-11 | NUNC DIMITTIS NR.2(LUC.2) | PSALM 148#1-14 | PSALM 102 | PSALM 24 | PSALM 42","GEMISCHTER CHOR (Anzahl Instrumente 1, Anzahl Spieler/-innen 0, Anzahl Stimmen 0)",,DP,39657154,Textdichter/-in,,E1,12,15,12,15,DP,DP,-,-,-,-,-,-,-
4346458-001,WINDSBACHER PSALMEN,1,Nein,Nein,T8008058581,,,16.10.2002,07.09.2024,,,00:46:32,-,-,"BENEDICTUS(LUC.1) | PSALM 123 | JESAJA 53(SIEHE, DAS IST GOTTES LAMM) | PSALM 149 | PSALM 19 | PSALM 92#2, 6-9 | PSALM 31 | PSALM 4 | PSALM 103#1-5, 8-13 | PSALM 103#1-13 | NUNC DIMITTIS NR.1(LUC.2) | PSALM 96 | PSALM 22 | PSALM 143#1-11 | NUNC DIMITTIS NR.2(LUC.2) | PSALM 148#1-14 | PSALM 102 | PSALM 24 | PSALM 42","GEMISCHTER CHOR (Anzahl Instrumente 1, Anzahl Spieler/-innen 0, Anzahl Stimmen 0)",,"VOGT, EMANUEL",266446936,Textdichter/-in,,E3,12,15,12,15,GEMA,GEMA,-,-,-,-,-,-,-
4346458-001,WINDSBACHER PSALMEN,1,Nein,Nein,T8008058581,,,16.10.2002,07.09.2024,,,00:46:32,-,-,"BENEDICTUS(LUC.1) | PSALM 123 | JESAJA 53(SIEHE, DAS IST GOTTES LAMM) | PSALM 149 | PSALM 19 | PSALM 92#2, 6-9 | PSALM 31 | PSALM 4 | PSALM 103#1-5, 8-13 | PSALM 103#1-13 | NUNC DIMITTIS NR.1(LUC.2) | PSALM 96 | PSALM 22 | PSALM 143#1-11 | NUNC DIMITTIS NR.2(LUC.2) | PSALM 148#1-14 | PSALM 102 | PSALM 24 | PSALM 42","GEMISCHTER CHOR (Anzahl Instrumente 1, Anzahl Spieler/-innen 0, Anzahl Stimmen 0)",,STRUBE VERLAG-GMBH,136758548,Originalverlag,E1,,6,10,33.33,40,GEMA,GEMA,-,-,DP,39657154,Textdichter/-in,-,-
4346458-001,WINDSBACHER PSALMEN,1,Nein,Nein,T8008058581,,,16.10.2002,07.09.2024,,,00:46:32,-,-,"BENEDICTUS(LUC.1) | PSALM 123 | JESAJA 53(SIEHE, DAS IST GOTTES LAMM) | PSALM 149 | PSALM 19 | PSALM 92#2, 6-9 | PSALM 31 | PSALM 4 | PSALM 103#1-5, 8-13 | PSALM 103#1-13 | NUNC DIMITTIS NR.1(LUC.2) | PSALM 96 | PSALM 22 | PSALM 143#1-11 | NUNC DIMITTIS NR.2(LUC.2) | PSALM 148#1-14 | PSALM 102 | PSALM 24 | PSALM 42","GEMISCHTER CHOR (Anzahl Instrumente 1, Anzahl Spieler/-innen 0, Anzahl Stimmen 0)",,STRUBE VERLAG-GMBH,136758548,Originalverlag,E2,,21.33,20,33.33,40,GEMA,GEMA,-,-,"VOGT, EMANUEL",266446936,Komponist/-in,-,-
4346458-001,WINDSBACHER PSALMEN,1,Nein,Nein,T8008058581,,,16.10.2002,07.09.2024,,,00:46:32,-,-,"BENEDICTUS(LUC.1) | PSALM 123 | JESAJA 53(SIEHE, DAS IST GOTTES LAMM) | PSALM 149 | PSALM 19 | PSALM 92#2, 6-9 | PSALM 31 | PSALM 4 | PSALM 103#1-5, 8-13 | PSALM 103#1-13 | NUNC DIMITTIS NR.1(LUC.2) | PSALM 96 | PSALM 22 | PSALM 143#1-11 | NUNC DIMITTIS NR.2(LUC.2) | PSALM 148#1-14 | PSALM 102 | PSALM 24 | PSALM 42","GEMISCHTER CHOR (Anzahl Instrumente 1, Anzahl Spieler/-innen 0, Anzahl Stimmen 0)",,STRUBE VERLAG-GMBH,136758548,Originalverlag,E3,,6,10,33.33,40,GEMA,GEMA,-,-,"VOGT, EMANUEL",266446936,Textdichter/-in,-,-
4346460-001,WINDSBACHER PSALMEN,1,Nein,Nein,T8008058547,,,16.10.2002,07.09.2024,,,01:12:34,-,-,"PSALM 25:DIE PFADE DES HERRN | PSALM 27:HARRE DES HERRN | PSALM 119:OEFFNE MIR DIE AUGEN(WOHL DENEN, DIE OHNE TADEL LEBEN) | PSALM 150:ALLES, WAS ODEM HAT | PSALM 1:MIR STEHET DEINE HULD VOR AUGEN | PSALM 127:UNSERE HILFE STEHET IM NAMEN DES HERREN | PSALM 130:HERR, ERHOERE MEINE STIMME | PSALM 19:DIE HIMMEL ERZAEHLEN | PSALM 96:LOBET DEN HERRN | PSALM 139:HERR, DU ERFORSCHEST MICH | PSALM 4:ERBARME DICH MEINER | PSALM 90:TAUSEND JAHRE SIND VOR DIR | PSALM 31:IN DEINE HAENDE BEFEHLE | JESAJA 53:SIEHE, DAS IST GOTTES LAMM | PSALM 136:DANKET DEM HERRN | PSALM 92:HERR, WIE SIND DEINE WERKE | PSALM 149:HALLELUJAH!SINGET DEM HERRN EIN NEUES LIED | PSALM 143:HERR, ERHOERE MEIN GEBET | PSALM 95:KOMMT HERZU UND LASST UNS DEM HERRN FROHLOCKEN | PSALM 146:ICH WILL DEN HERREN LOBEN | PSALM 126:WENN DER HERR DIE GEFANGNEN ZIONS ERLOESEN WIRD | DIE ERLOESTEN DES HERRN WERDEN WIEDER KOMMEN",,WINDSBACHER KNABENCHOR,"VOGT, EMANUEL",266446936,Komponist/-in,,,100,100,100,100,GEMA,GEMA,-,-,-,-,-,-,-
4365391-002,ERSTANDEN IST DER HEILIGE CHRIST,1,Nein,Nein,T8010315933,,,16.10.2002,25.05.2024,,,00:00:18,-,-,ORGELBEGLEITBUCH U.ORGELVORSPIELBUCH,"ORGEL (Anzahl Instrumente 1, Anzahl Spieler/-innen 0, Anzahl Stimmen 0)",,DP,39657154,Komponist/-in,,,40,0,40,0,DP,DP,-,-,-,-,-,-,-
4365391-002,ERSTANDEN IST DER HEILIGE CHRIST,1,Nein,Nein,T8010315933,,,16.10.2002,25.05.2024,,,00:00:18,-,-,ORGELBEGLEITBUCH U.ORGELVORSPIELBUCH,"ORGEL (Anzahl Instrumente 1, Anzahl Spieler/-innen 0, Anzahl Stimmen 0)",,"VOGT, EMANUEL",266446936,Bearbeiter/-in,,E1,26.67,60,26.67,60,GEMA,GEMA,-,-,-,-,-,-,-
4365391-002,ERSTANDEN IST DER HEILIGE CHRIST,1,Nein,Nein,T8010315933,,,16.10.2002,25.05.2024,,,00:00:18,-,-,ORGELBEGLEITBUCH U.ORGELVORSPIELBUCH,"ORGEL (Anzahl Instrumente 1, Anzahl Spieler/-innen 0, Anzahl Stimmen 0)",,STRUBE VERLAG-GMBH,136758548,Originalverlag,E1,,33.33,40,33.33,40,GEMA,GEMA,-,-,"VOGT, EMANUEL",266446936,Bearbeiter/-in,-,-
4365402-002,IM FRIEDEN DEIN,1,Nein,Nein,T8010315819,,,16.10.2002,25.05.2024,,,00:00:40,-,-,ORGELBEGLEITBUCH U.ORGELVORSPIELBUCH,"ORGEL (Anzahl Instrumente 1, Anzahl Spieler/-innen 0, Anzahl Stimmen 0)",,DP,39657154,Komponist/-in,,,40,0,40,0,DP,DP,-,-,-,-,-,-,-
4365402-002,IM FRIEDEN DEIN,1,Nein,Nein,T8010315819,,,16.10.2002,25.05.2024,,,00:00:40,-,-,ORGELBEGLEITBUCH U.ORGELVORSPIELBUCH,"ORGEL (Anzahl Instrumente 1, Anzahl Spieler/-innen 0, Anzahl Stimmen 0)",,"VOGT, EMANUEL",266446936,Bearbeiter/-in,,E1,26.67,60,26.67,60,GEMA,GEMA,-,-,-,-,-,-,-
4365402-002,IM FRIEDEN DEIN,1,Nein,Nein,T8010315819,,,16.10.2002,25.05.2024,,,00:00:40,-,-,ORGELBEGLEITBUCH U.ORGELVORSPIELBUCH,"ORGEL (Anzahl Instrumente 1, Anzahl Spieler/-innen 0, Anzahl Stimmen 0)",,STRUBE VERLAG-GMBH,136758548,Originalverlag,E1,,33.33,40,33.33,40,GEMA,GEMA,-,-,"VOGT, EMANUEL",266446936,Bearbeiter/-in,-,-
4365403-001,"KOMM, HEILGER GEIST, MIT DEINER KRAFT",1,Nein,Nein,T8021939163,,,16.10.2002,25.05.2024,,,00:00:45,-,-,ORGELBEGLEITBUCH U.ORGELVORSPIELBUCH,"ORGEL (Anzahl Instrumente 1, Anzahl Spieler/-innen 0, Anzahl Stimmen 0)",,DP,39657154,Komponist/-in,,E1,33.33,0,33.33,0,DP,DP,-,-,-,-,-,-,-
4365403-001,"KOMM, HEILGER GEIST, MIT DEINER KRAFT",1,Nein,Nein,T8021939163,,,16.10.2002,25.05.2024,,,00:00:45,-,-,ORGELBEGLEITBUCH U.ORGELVORSPIELBUCH,"ORGEL (Anzahl Instrumente 1, Anzahl Spieler/-innen 0, Anzahl Stimmen 0)",,"VOGT, EMANUEL",266446936,Komponist/-in,,E2,33.34,60,33.34,60,GEMA,GEMA,-,-,-,-,-,-,-
4365403-001,"KOMM, HEILGER GEIST, MIT DEINER KRAFT",1,Nein,Nein,T8021939163,,,16.10.2002,25.05.2024,,,00:00:45,-,-,ORGELBEGLEITBUCH U.ORGELVORSPIELBUCH,"ORGEL (Anzahl Instrumente 1, Anzahl Spieler/-innen 0, Anzahl Stimmen 0)",,STRUBE VERLAG-GMBH,136758548,Originalverlag,E1,,16.66,0,33.33,40,GEMA,GEMA,-,-,DP,39657154,Komponist/-in,-,-
4365403-001,"KOMM, HEILGER GEIST, MIT DEINER KRAFT",1,Nein,Nein,T8021939163,,,16.10.2002,25.05.2024,,,00:00:45,-,-,ORGELBEGLEITBUCH U.ORGELVORSPIELBUCH,"ORGEL (Anzahl Instrumente 1, Anzahl Spieler/-innen 0, Anzahl Stimmen 0)",,STRUBE VERLAG-GMBH,136758548,Originalverlag,E2,,16.67,40,33.33,40,GEMA,GEMA,-,-,"VOGT, EMANUEL",266446936,Komponist/-in,-,-
4365406-001,"KOMM ZU UNS, HEILGER GEIST",1,Nein,Nein,T8021939152,,,16.10.2002,25.05.2024,,,00:00:35,-,-,ORGELBEGLEITBUCH U.ORGELVORSPIELBUCH,"ORGEL (Anzahl Instrumente 1, Anzahl Spieler/-innen 0, Anzahl Stimmen 0)",,DP,39657154,Komponist/-in,,E1,33.33,0,33.33,0,DP,DP,-,-,-,-,-,-,-
4365406-001,"KOMM ZU UNS, HEILGER GEIST",1,Nein,Nein,T8021939152,,,16.10.2002,25.05.2024,,,00:00:35,-,-,ORGELBEGLEITBUCH U.ORGELVORSPIELBUCH,"ORGEL (Anzahl Instrumente 1, Anzahl Spieler/-innen 0, Anzahl Stimmen 0)",,"VOGT, EMANUEL",266446936,Komponist/-in,,E2,33.34,60,33.34,60,GEMA,GEMA,-,-,-,-,-,-,-
4365406-001,"KOMM ZU UNS, HEILGER GEIST",1,Nein,Nein,T8021939152,,,16.10.2002,25.05.2024,,,00:00:35,-,-,ORGELBEGLEITBUCH U.ORGELVORSPIELBUCH,"ORGEL (Anzahl Instrumente 1, Anzahl Spieler/-innen 0, Anzahl Stimmen 0)",,STRUBE VERLAG-GMBH,136758548,Originalverlag,E1,,16.66,0,33.33,40,GEMA,GEMA,-,-,DP,39657154,Komponist/-in,-,-
4365406-001,"KOMM ZU UNS, HEILGER GEIST",1,Nein,Nein,T8021939152,,,16.10.2002,25.05.2024,,,00:00:35,-,-,ORGELBEGLEITBUCH U.ORGELVORSPIELBUCH,"ORGEL (Anzahl Instrumente 1, Anzahl Spieler/-innen 0, Anzahl Stimmen 0)",,STRUBE VERLAG-GMBH,136758548,Originalverlag,E2,,16.67,40,33.33,40,GEMA,GEMA,-,-,"VOGT, EMANUEL",266446936,Komponist/-in,-,-
4365407-002,"MUEDE BIN ICH, GEH ZUR RUH",1,Nein,Nein,T8010315740,,,16.10.2002,25.05.2024,,,00:00:30,-,-,ORGELBEGLEITBUCH U.ORGELVORSPIELBUCH,"ORGEL (Anzahl Instrumente 1, Anzahl Spieler/-innen 0, Anzahl Stimmen 0)",,DP,39657154,Komponist/-in,,,40,0,40,0,DP,DP,-,-,-,-,-,-,-
4365407-002,"MUEDE BIN ICH, GEH ZUR RUH",1,Nein,Nein,T8010315740,,,16.10.2002,25.05.2024,,,00:00:30,-,-,ORGELBEGLEITBUCH U.ORGELVORSPIELBUCH,"ORGEL (Anzahl Instrumente 1, Anzahl Spieler/-innen 0, Anzahl Stimmen 0)",,"VOGT, EMANUEL",266446936,Bearbeiter/-in,,E1,26.67,60,26.67,60,GEMA,GEMA,-,-,-,-,-,-,-
4365407-002,"MUEDE BIN ICH, GEH ZUR RUH",1,Nein,Nein,T8010315740,,,16.10.2002,25.05.2024,,,00:00:30,-,-,ORGELBEGLEITBUCH U.ORGELVORSPIELBUCH,"ORGEL (Anzahl Instrumente 1, Anzahl Spieler/-innen 0, Anzahl Stimmen 0)",,STRUBE VERLAG-GMBH,136758548,Originalverlag,E1,,33.33,40,33.33,40,GEMA,GEMA,-,-,"VOGT, EMANUEL",266446936,Bearbeiter/-in,-,-
4365409-001,STILLE NACHT,1,Nein,Nein,T8008172246,,,16.10.2002,25.05.2024,,,00:00:55,-,-,ORGELBEGLEITBUCH U.ORGELVORSPIELBUCH,"ORGEL (Anzahl Instrumente 1, Anzahl Spieler/-innen 0, Anzahl Stimmen 0)",,"VOGT, EMANUEL",266446936,Komponist/-in,,E1,66.67,60,66.67,60,GEMA,GEMA,-,-,-,-,-,-,-
4365409-001,STILLE NACHT,1,Nein,Nein,T8008172246,,,16.10.2002,25.05.2024,,,00:00:55,-,-,ORGELBEGLEITBUCH U.ORGELVORSPIELBUCH,"ORGEL (Anzahl Instrumente 1, Anzahl Spieler/-innen 0, Anzahl Stimmen 0)",,STRUBE VERLAG-GMBH,136758548,Originalverlag,E1,,33.33,40,33.33,40,GEMA,GEMA,-,-,"VOGT, EMANUEL",266446936,Komponist/-in,-,-
4365417-002,TRAUNSTEINER ORGELBUCH,1,Nein,Nein,T8010315717,,,16.10.2002,25.05.2024,,PRAELUDIUM,,-,-,SPIELSTUECK IN D | SPIELSTUECK IN G | ALLEGRETTO IN A | TASTENSPIELE E | ANDANTE E,"ORGEL (Anzahl Instrumente 1, Anzahl Spieler/-innen 0, Anzahl Stimmen 0)",,DP,39657154,Komponist/-in,,,40,0,40,0,DP,DP,-,-,-,-,-,-,-
4365417-002,TRAUNSTEINER ORGELBUCH,1,Nein,Nein,T8010315717,,,16.10.2002,25.05.2024,,PRAELUDIUM,,-,-,SPIELSTUECK IN D | SPIELSTUECK IN G | ALLEGRETTO IN A | TASTENSPIELE E | ANDANTE E,"ORGEL (Anzahl Instrumente 1, Anzahl Spieler/-innen 0, Anzahl Stimmen 0)",,"VOGT, EMANUEL",266446936,Bearbeiter/-in,,E1,26.67,60,26.67,60,GEMA,GEMA,-,-,-,-,-,-,-
4365417-002,TRAUNSTEINER ORGELBUCH,1,Nein,Nein,T8010315717,,,16.10.2002,25.05.2024,,PRAELUDIUM,,-,-,SPIELSTUECK IN D | SPIELSTUECK IN G | ALLEGRETTO IN A | TASTENSPIELE E | ANDANTE E,"ORGEL (Anzahl Instrumente 1, Anzahl Spieler/-innen 0, Anzahl Stimmen 0)",,STRUBE VERLAG-GMBH,136758548,Originalverlag,E1,,33.33,40,33.33,40,GEMA,GEMA,-,-,"VOGT, EMANUEL",266446936,Bearbeiter/-in,-,-
4365418-001,NORWEGISCHE INTRADE,1,Nein,Nein,T8008172199,,,16.10.2002,25.05.2024,,,00:10:00,-,-,,,,"VOGT, EMANUEL",266446936,Komponist/-in,,E1,66.67,60,66.67,60,GEMA,GEMA,-,-,-,-,-,-,-
4365418-001,NORWEGISCHE INTRADE,1,Nein,Nein,T8008172199,,,16.10.2002,25.05.2024,,,00:10:00,-,-,,,,STRUBE VERLAG-GMBH,136758548,Originalverlag,E1,,33.33,40,33.33,40,GEMA,GEMA,-,-,"VOGT, EMANUEL",266446936,Komponist/-in,-,-
4448175-001,SCHWABACHER TURM-MUSIK NR.1,1,Nein,Nein,T8012352001,,,16.10.2002,25.05.2024,,,00:03:00,-,-,,,,"VOGT, EMANUEL",266446936,Komponist/-in,,,100,100,100,100,GEMA,GEMA,-,-,-,-,-,-,-
4448309-001,BLAESER-INTRADE,1,Nein,Nein,T8012348969,,,16.10.2002,25.05.2024,,,00:01:30,-,-,,"BLAESERENSEMBLE (Anzahl Instrumente 1, Anzahl Spieler/-innen 4, Anzahl Stimmen 4)",,"VOGT, EMANUEL",266446936,Komponist/-in,,E1,66.67,60,66.67,60,GEMA,GEMA,-,-,-,-,-,-,-
4448309-001,BLAESER-INTRADE,1,Nein,Nein,T8012348969,,,16.10.2002,25.05.2024,,,00:01:30,-,-,,"BLAESERENSEMBLE (Anzahl Instrumente 1, Anzahl Spieler/-innen 4, Anzahl Stimmen 4)",,STRUBE VERLAG-GMBH,136758548,Originalverlag,E1,,33.33,40,33.33,40,GEMA,GEMA,-,-,"VOGT, EMANUEL",266446936,Komponist/-in,-,-
4448313-001,PSALM 42:WIE DER HIRSCH LECHZT,1,Nein,Nein,T8012348936,,,16.10.2002,25.05.2024,,,00:02:45,-,-,,"GEMISCHTER CHOR (Anzahl Instrumente 1, Anzahl Spieler/-innen 0, Anzahl Stimmen 0)",,"VOGT, EMANUEL",266446936,Komponist/-in,,E2,42.67,30,42.67,30,GEMA,GEMA,-,-,-,-,-,-,-
4448313-001,PSALM 42:WIE DER HIRSCH LECHZT,1,Nein,Nein,T8012348936,,,16.10.2002,25.05.2024,,,00:02:45,-,-,,"GEMISCHTER CHOR (Anzahl Instrumente 1, Anzahl Spieler/-innen 0, Anzahl Stimmen 0)",,"ECKERT, EUGEN",213953087,Textdichter/-in,,E1,24,30,24,30,GEMA,GEMA,-,-,-,-,-,-,-
4448313-001,PSALM 42:WIE DER HIRSCH LECHZT,1,Nein,Nein,T8012348936,,,16.10.2002,25.05.2024,,,00:02:45,-,-,,"GEMISCHTER CHOR (Anzahl Instrumente 1, Anzahl Spieler/-innen 0, Anzahl Stimmen 0)",,STRUBE VERLAG-GMBH,136758548,Originalverlag,E1,,12,20,33.33,40,GEMA,GEMA,-,-,"ECKERT, EUGEN",213953087,Textdichter/-in,-,-
4448313-001,PSALM 42:WIE DER HIRSCH LECHZT,1,Nein,Nein,T8012348936,,,16.10.2002,25.05.2024,,,00:02:45,-,-,,"GEMISCHTER CHOR (Anzahl Instrumente 1, Anzahl Spieler/-innen 0, Anzahl Stimmen 0)",,STRUBE VERLAG-GMBH,136758548,Originalverlag,E2,,21.33,20,33.33,40,GEMA,GEMA,-,-,"VOGT, EMANUEL",266446936,Komponist/-in,-,-
4455594-001,INTRADE IN G,1,Nein,Nein,T8011612457,,,16.10.2002,25.05.2024,,,00:01:30,-,-,POSAUNENCHOR INTRADE,,,"VOGT, EMANUEL",266446936,Komponist/-in,,,100,100,100,100,GEMA,GEMA,-,-,-,-,-,-,-
4457264-001,INTERLUDIUM FUER ORGEL,1,Nein,Nein,T8010593586,,,16.10.2002,25.05.2024,,,00:01:30,-,-,,"ORGEL (Anzahl Instrumente 1, Anzahl Spieler/-innen 0, Anzahl Stimmen 0)",,"VOGT, EMANUEL",266446936,Komponist/-in,,E1,66.67,60,66.67,60,GEMA,GEMA,-,-,-,-,-,-,-
4457264-001,INTERLUDIUM FUER ORGEL,1,Nein,Nein,T8010593586,,,16.10.2002,25.05.2024,,,00:01:30,-,-,,"ORGEL (Anzahl Instrumente 1, Anzahl Spieler/-innen 0, Anzahl Stimmen 0)",,STRUBE VERLAG-GMBH,136758548,Originalverlag,E1,,33.33,40,33.33,40,GEMA,GEMA,-,-,"VOGT, EMANUEL",266446936,Komponist/-in,-,-
4457265-002,INTERLUDIUM FUER ORGEL,1,Nein,Nein,T8012854477,,,16.10.2002,25.05.2024,,,00:01:45,-,-,"SCHMUECKE DICH, O LIEBE SEELE","ORGEL (Anzahl Instrumente 1, Anzahl Spieler/-innen 0, Anzahl Stimmen 0)",,"FRANCK, JOHANNES",10713340,Komponist/-in,,,25.6,0,25.6,0,DP,DP,-,-,-,-,-,-,-
4457265-002,INTERLUDIUM FUER ORGEL,1,Nein,Nein,T8012854477,,,16.10.2002,25.05.2024,,,00:01:45,-,-,"SCHMUECKE DICH, O LIEBE SEELE","ORGEL (Anzahl Instrumente 1, Anzahl Spieler/-innen 0, Anzahl Stimmen 0)",,"VOGT, EMANUEL",266446936,Bearbeiter/-in,,E2,17.07,60,17.07,60,GEMA,GEMA,-,-,-,-,-,-,-
4457265-002,INTERLUDIUM FUER ORGEL,1,Nein,Nein,T8012854477,,,16.10.2002,25.05.2024,,,00:01:45,-,-,"SCHMUECKE DICH, O LIEBE SEELE","ORGEL (Anzahl Instrumente 1, Anzahl Spieler/-innen 0, Anzahl Stimmen 0)",,"FRANCK, JOHANNES",10713340,Textdichter/-in,,E1,24,0,24,0,DP,DP,-,-,-,-,-,-,-
4457265-002,INTERLUDIUM FUER ORGEL,1,Nein,Nein,T8012854477,,,16.10.2002,25.05.2024,,,00:01:45,-,-,"SCHMUECKE DICH, O LIEBE SEELE","ORGEL (Anzahl Instrumente 1, Anzahl Spieler/-innen 0, Anzahl Stimmen 0)",,STRUBE VERLAG-GMBH,136758548,Originalverlag,E1,,12,20,33.33,40,GEMA,GEMA,-,-,"FRANCK, JOHANNES",10713340,Textdichter/-in,-,-
4457265-002,INTERLUDIUM FUER ORGEL,1,Nein,Nein,T8012854477,,,16.10.2002,25.05.2024,,,00:01:45,-,-,"SCHMUECKE DICH, O LIEBE SEELE","ORGEL (Anzahl Instrumente 1, Anzahl Spieler/-innen 0, Anzahl Stimmen 0)",,STRUBE VERLAG-GMBH,136758548,Originalverlag,E2,,21.33,20,33.33,40,GEMA,GEMA,-,-,"VOGT, EMANUEL",266446936,Bearbeiter/-in,-,-
4476863-001,FREUET EUCH DES HERRN,1,Nein,Nein,T8010829058,,,16.10.2002,25.05.2024,,,00:02:50,-,-,PSALM 34,"MAENNERCHOR (Anzahl Instrumente 1, Anzahl Spieler/-innen 0, Anzahl Stimmen 0)",,"VOGT, EMANUEL",266446936,Komponist/-in,,,64,100,64,100,GEMA,GEMA,-,-,-,-,-,-,-
4476863-001,FREUET EUCH DES HERRN,1,Nein,Nein,T8010829058,,,16.10.2002,25.05.2024,,,00:02:50,-,-,PSALM 34,"MAENNERCHOR (Anzahl Instrumente 1, Anzahl Spieler/-innen 0, Anzahl Stimmen 0)",,"LUTHER, MARTIN",18790860,Textdichter/-in,,,36,0,36,0,DP,DP,-,-,-,-,-,-,-
4478229-002,NUERNBERGER KRIPPENLIED,1,Nein,Nein,T8012945608,,,16.10.2002,25.05.2024,,,00:02:20,-,-,,,,DP,39657154,Komponist/-in,,,38.4,0,38.4,0,DP,DP,-,-,-,-,-,-,-
4478229-002,NUERNBERGER KRIPPENLIED,1,Nein,Nein,T8012945608,,,16.10.2002,25.05.2024,,,00:02:20,-,-,,,,"VOGT, EMANUEL",266446936,Bearbeiter/-in,,,25.6,100,25.6,100,GEMA,GEMA,-,-,-,-,-,-,-
4478229-002,NUERNBERGER KRIPPENLIED,1,Nein,Nein,T8012945608,,,16.10.2002,25.05.2024,,,00:02:20,-,-,,,,DP,39657154,Textdichter/-in,,,36,0,36,0,DP,DP,-,-,-,-,-,-,-
4478249-001,NOEL NR.10,1,Nein,Nein,T8010741228,,,16.10.2002,25.05.2024,,,00:06:00,-,-,THEMA UND VARIATIONEN(5),,,"VOGT, EMANUEL",266446936,Komponist/-in,,E1,66.67,60,66.67,60,GEMA,GEMA,-,-,-,-,-,-,-
4478249-001,NOEL NR.10,1,Nein,Nein,T8010741228,,,16.10.2002,25.05.2024,,,00:06:00,-,-,THEMA UND VARIATIONEN(5),,,STRUBE VERLAG-GMBH,136758548,Originalverlag,E1,,33.33,40,33.33,40,GEMA,GEMA,-,-,"VOGT, EMANUEL",266446936,Komponist/-in,-,-
4503989-002,"O KOMM, O KOMM DU MORGENSTERN",1,Nein,Nein,T8016091854,,,16.10.2002,25.05.2024,,CHORWERK,00:02:15,-,-,,"GEMISCHTER CHOR (Anzahl Instrumente 1, Anzahl Spieler/-innen 0, Anzahl Stimmen 4)",,DP,39657154,Komponist/-in,,,38.4,0,38.4,0,DP,DP,-,-,-,-,-,-,-
4503989-002,"O KOMM, O KOMM DU MORGENSTERN",1,Nein,Nein,T8016091854,,,16.10.2002,25.05.2024,,CHORWERK,00:02:15,-,-,,"GEMISCHTER CHOR (Anzahl Instrumente 1, Anzahl Spieler/-innen 0, Anzahl Stimmen 4)",,"VOGT, EMANUEL",266446936,Bearbeiter/-in,,,25.6,50,25.6,50,GEMA,GEMA,-,-,-,-,-,-,-
4503989-002,"O KOMM, O KOMM DU MORGENSTERN",1,Nein,Nein,T8016091854,,,16.10.2002,25.05.2024,,CHORWERK,00:02:15,-,-,,"GEMISCHTER CHOR (Anzahl Instrumente 1, Anzahl Spieler/-innen 0, Anzahl Stimmen 4)",,DP,39657154,Textdichter/-in,,,21.6,0,21.6,0,DP,DP,-,-,-,-,-,-,-
4503989-002,"O KOMM, O KOMM DU MORGENSTERN",1,Nein,Nein,T8016091854,,,16.10.2002,25.05.2024,,CHORWERK,00:02:15,-,-,,"GEMISCHTER CHOR (Anzahl Instrumente 1, Anzahl Spieler/-innen 0, Anzahl Stimmen 4)",,"SCHULZ, OTMAR",234643282,Spezialtextdichter/-in,,,14.4,50,14.4,50,GEMA,GEMA,-,-,-,-,-,-,-
4531249-001,"GEH AUS, MEIN HERZ",1,Nein,Nein,T8014058040,,,16.10.2002,25.05.2024,,KANTATE,00:07:15,-,-,,"CHOR (Anzahl Instrumente 1, Anzahl Spieler/-innen 0, Anzahl Stimmen 4)",,"VOGT, EMANUEL",266446936,Komponist/-in,,,64,100,64,100,GEMA,GEMA,-,-,-,-,-,-,-
4531249-001,"GEH AUS, MEIN HERZ",1,Nein,Nein,T8014058040,,,16.10.2002,25.05.2024,,KANTATE,00:07:15,-,-,,"CHOR (Anzahl Instrumente 1, Anzahl Spieler/-innen 0, Anzahl Stimmen 4)",,"GERHARDT, PAUL",11700347,Textdichter/-in,,,36,0,36,0,DP,DP,-,-,-,-,-,-,-
4531250-001,TRITT HIN ANS KREUZ,1,Nein,Nein,T8014057901,,,16.10.2002,25.05.2024,,,00:01:05,-,-,,"GEMISCHTER CHOR (Anzahl Instrumente 1, Anzahl Spieler/-innen 0, Anzahl Stimmen 0)",,"VOGT, EMANUEL",266446936,Komponist/-in,,E2,42.67,30,42.67,30,GEMA,GEMA,-,-,-,-,-,-,-
4531250-001,TRITT HIN ANS KREUZ,1,Nein,Nein,T8014057901,,,16.10.2002,25.05.2024,,,00:01:05,-,-,,"GEMISCHTER CHOR (Anzahl Instrumente 1, Anzahl Spieler/-innen 0, Anzahl Stimmen 0)",,"BLOCK, DETLEV",60342512,Textdichter/-in,,E1,24,30,24,30,,,-,-,-,-,-,-,-
4531250-001,TRITT HIN ANS KREUZ,1,Nein,Nein,T8014057901,,,16.10.2002,25.05.2024,,,00:01:05,-,-,,"GEMISCHTER CHOR (Anzahl Instrumente 1, Anzahl Spieler/-innen 0, Anzahl Stimmen 0)",,EVANGELISCHER SAENGERBUND,58339163,Originalverlag,E1,,12,20,33.33,40,,,-,-,"BLOCK, DETLEV",60342512,Textdichter/-in,-,-
4531250-001,TRITT HIN ANS KREUZ,1,Nein,Nein,T8014057901,,,16.10.2002,25.05.2024,,,00:01:05,-,-,,"GEMISCHTER CHOR (Anzahl Instrumente 1, Anzahl Spieler/-innen 0, Anzahl Stimmen 0)",,EVANGELISCHER SAENGERBUND,58339163,Originalverlag,E2,,21.33,20,33.33,40,,,-,-,"VOGT, EMANUEL",266446936,Komponist/-in,-,-
4534827-001,JAHRES-LOSUNG,1,Nein,Nein,T8013932634,,,16.10.2002,25.05.2024,,MOTETTE,00:01:07,-,-,"EPH.5, 2",,,"VOGT, EMANUEL",266446936,Komponist/-in,,,64,100,64,100,GEMA,GEMA,-,-,-,-,-,-,-
4534827-001,JAHRES-LOSUNG,1,Nein,Nein,T8013932634,,,16.10.2002,25.05.2024,,MOTETTE,00:01:07,-,-,"EPH.5, 2",,,DP,39657154,Textdichter/-in,,,36,0,36,0,DP,DP,-,-,-,-,-,-,-
4759304-002,GUTER MOND,1,Nein,Nein,T8019489818,,,16.10.2002,25.05.2024,,LIED,00:01:55,-,-,,"GEMISCHTER CHOR (Anzahl Instrumente 1, Anzahl Spieler/-innen 0, Anzahl Stimmen 0)",,DP,39657154,Komponist/-in,,,38.4,0,38.4,0,DP,DP,-,-,-,-,-,-,-
4759304-002,GUTER MOND,1,Nein,Nein,T8019489818,,,16.10.2002,25.05.2024,,LIED,00:01:55,-,-,,"GEMISCHTER CHOR (Anzahl Instrumente 1, Anzahl Spieler/-innen 0, Anzahl Stimmen 0)",,"VOGT, EMANUEL",266446936,Bearbeiter/-in,,,25.6,100,25.6,100,GEMA,GEMA,-,-,-,-,-,-,-
4759304-002,GUTER MOND,1,Nein,Nein,T8019489818,,,16.10.2002,25.05.2024,,LIED,00:01:55,-,-,,"GEMISCHTER CHOR (Anzahl Instrumente 1, Anzahl Spieler/-innen 0, Anzahl Stimmen 0)",,DP,39657154,Textdichter/-in,,,36,0,36,0,DP,DP,-,-,-,-,-,-,-
4796735-001,O FREUDENREICHES OSTERFEST,1,Nein,Nein,,,,16.10.2002,25.05.2024,DEUTSCH,CHORLIED,00:03:30,-,-,,"FRAUENCHOR (Anzahl Instrumente 1, Anzahl Spieler/-innen 0, Anzahl Stimmen 3)",,"VOGT, EMANUEL",266446936,Komponist/-in,,,64,50,64,50,GEMA,GEMA,-,-,-,-,-,-,-
4796735-001,O FREUDENREICHES OSTERFEST,1,Nein,Nein,,,,16.10.2002,25.05.2024,DEUTSCH,CHORLIED,00:03:30,-,-,,"FRAUENCHOR (Anzahl Instrumente 1, Anzahl Spieler/-innen 0, Anzahl Stimmen 3)",,"NENZEL, EMANUEL",,Textdichter/-in,,,36,50,36,50,,,-,-,-,-,-,-,-
4796736-001,"HOER, SO SINGEN ENGELCHOER",1,Nein,Nein,T8019419967,,,16.10.2002,25.05.2024,DEUTSCH,LIED,00:04:10,-,-,,"GEMISCHTER CHOR (Anzahl Instrumente 1, Anzahl Spieler/-innen 0, Anzahl Stimmen 4)",,"VOGT, EMANUEL",266446936,Komponist/-in,,,64,50,64,50,GEMA,GEMA,-,-,-,-,-,-,-
4796736-001,"HOER, SO SINGEN ENGELCHOER",1,Nein,Nein,T8019419967,,,16.10.2002,25.05.2024,DEUTSCH,LIED,00:04:10,-,-,,"GEMISCHTER CHOR (Anzahl Instrumente 1, Anzahl Spieler/-innen 0, Anzahl Stimmen 4)",,"SCHROEDER, RUDOLF ALEXANDER",28064986,Textdichter/-in,,,36,50,36,50,GEMA,GEMA,-,-,-,-,-,-,-
4796737-001,IN DEINE HAENDE BEFEHLE ICH MEINEN GEIST,1,Nein,Nein,T8019419934,,,16.10.2002,25.05.2024,,LIED,00:02:12,-,-,,"MAENNERCHOR (Anzahl Instrumente 1, Anzahl Spieler/-innen 0, Anzahl Stimmen 4)",,"VOGT, EMANUEL",266446936,Komponist/-in,,,64,100,64,100,GEMA,GEMA,-,-,-,-,-,-,-
4796737-001,IN DEINE HAENDE BEFEHLE ICH MEINEN GEIST,1,Nein,Nein,T8019419934,,,16.10.2002,25.05.2024,,LIED,00:02:12,-,-,,"MAENNERCHOR (Anzahl Instrumente 1, Anzahl Spieler/-innen 0, Anzahl Stimmen 4)",,"LUTHER, MARTIN",18790860,Textdichter/-in,,,36,0,36,0,DP,DP,-,-,-,-,-,-,-
4796738-002,ES IST ADVENT,1,Nein,Nein,T8019463538,,,16.10.2002,23.08.2024,,LIED,00:05:30,-,-,DIE BLUMEN SIND VERBLUEH,"GEMISCHTER CHOR (Anzahl Instrumente 1, Anzahl Spieler/-innen 0, Anzahl Stimmen 4)",,DP,39657154,Komponist/-in,,,38.4,0,38.4,0,DP,DP,-,-,-,-,-,-,-
4796738-002,ES IST ADVENT,1,Nein,Nein,T8019463538,,,16.10.2002,23.08.2024,,LIED,00:05:30,-,-,DIE BLUMEN SIND VERBLUEH,"GEMISCHTER CHOR (Anzahl Instrumente 1, Anzahl Spieler/-innen 0, Anzahl Stimmen 4)",,"VOGT, EMANUEL",266446936,Bearbeiter/-in,,,25.6,100,25.6,100,GEMA,GEMA,-,-,-,-,-,-,-
4796738-002,ES IST ADVENT,1,Nein,Nein,T8019463538,,,16.10.2002,23.08.2024,,LIED,00:05:30,-,-,DIE BLUMEN SIND VERBLUEH,"GEMISCHTER CHOR (Anzahl Instrumente 1, Anzahl Spieler/-innen 0, Anzahl Stimmen 4)",,DP,39657154,Textdichter/-in,,,36,0,36,0,DP,DP,-,-,-,-,-,-,-
4796738-003,ES IST ADVENT,1,Nein,Nein,T8019622835,,,29.03.2004,23.08.2024,,LIED,00:05:30,-,-,DIE BLUMEN SIND VERBLUEH,"FRAUENCHOR (Anzahl Instrumente 1, Anzahl Spieler/-innen 0, Anzahl Stimmen 3)",,DP,39657154,Komponist/-in,,,38.4,0,38.4,0,DP,DP,-,-,-,-,-,-,-
4796738-003,ES IST ADVENT,1,Nein,Nein,T8019622835,,,29.03.2004,23.08.2024,,LIED,00:05:30,-,-,DIE BLUMEN SIND VERBLUEH,"FRAUENCHOR (Anzahl Instrumente 1, Anzahl Spieler/-innen 0, Anzahl Stimmen 3)",,"VOGT, EMANUEL",266446936,Bearbeiter/-in,,,12.8,0,12.8,0,GEMA,,-,-,-,-,-,-,-
4796738-003,ES IST ADVENT,1,Nein,Nein,T8019622835,,,29.03.2004,23.08.2024,,LIED,00:05:30,-,-,DIE BLUMEN SIND VERBLUEH,"FRAUENCHOR (Anzahl Instrumente 1, Anzahl Spieler/-innen 0, Anzahl Stimmen 3)",,"VOGT, EMANUEL",266446936,Bearbeiter/-in,,,12.8,100,12.8,100,GEMA,GEMA,-,-,-,-,-,-,-
4796738-003,ES IST ADVENT,1,Nein,Nein,T8019622835,,,29.03.2004,23.08.2024,,LIED,00:05:30,-,-,DIE BLUMEN SIND VERBLUEH,"FRAUENCHOR (Anzahl Instrumente 1, Anzahl Spieler/-innen 0, Anzahl Stimmen 3)",,DP,39657154,Textdichter/-in,,,36,0,36,0,DP,DP,-,-,-,-,-,-,-
4796739-001,"NUN WERDE HELL, DU DUNKLE WELT",1,Nein,Nein,T8019419901,,,16.10.2002,23.08.2024,DEUTSCH,LIED,00:04:10,-,-,,"GEMISCHTER CHOR (Anzahl Instrumente 1, Anzahl Spieler/-innen 0, Anzahl Stimmen 3)",,"VOGT, EMANUEL",266446936,Komponist/-in,,,64,50,64,50,GEMA,GEMA,-,-,-,-,-,-,-
4796739-001,"NUN WERDE HELL, DU DUNKLE WELT",1,Nein,Nein,T8019419901,,,16.10.2002,23.08.2024,DEUTSCH,LIED,00:04:10,-,-,,"GEMISCHTER CHOR (Anzahl Instrumente 1, Anzahl Spieler/-innen 0, Anzahl Stimmen 3)",,"WIEMER, RUDOLF OTTO",61069887,Textdichter/-in,,,36,50,36,50,GEMA,GEMA,-,-,-,-,-,-,-
4796739-002,"NUN WERDE HELL, DU DUNKLE WELT",1,Nein,Nein,T8030684164,,,21.02.2012,23.08.2024,DEUTSCH,LIED,00:04:10,-,-,,"FRAUENCHOR (Anzahl Instrumente 1, Anzahl Spieler/-innen 0, Anzahl Stimmen 3)",,"VOGT, EMANUEL",266446936,Komponist/-in,,,64,50,64,50,GEMA,GEMA,-,-,-,-,-,-,-
4796739-002,"NUN WERDE HELL, DU DUNKLE WELT",1,Nein,Nein,T8030684164,,,21.02.2012,23.08.2024,DEUTSCH,LIED,00:04:10,-,-,,"FRAUENCHOR (Anzahl Instrumente 1, Anzahl Spieler/-innen 0, Anzahl Stimmen 3)",,"WIEMER, RUDOLF OTTO",61069887,Textdichter/-in,,,36,50,36,50,GEMA,GEMA,-,-,-,-,-,-,-
4799697-002,"O COME, O COME EMMANUEL",1,Nein,Nein,T8019470328,,,16.10.2002,25.05.2024,ENGLISCH,,00:02:56,-,-,,"GEMISCHTER CHOR (Anzahl Instrumente 1, Anzahl Spieler/-innen 0, Anzahl Stimmen 4)",,DP,39657154,Komponist/-in,,,38.4,0,38.4,0,DP,DP,-,-,-,-,-,-,-
4799697-002,"O COME, O COME EMMANUEL",1,Nein,Nein,T8019470328,,,16.10.2002,25.05.2024,ENGLISCH,,00:02:56,-,-,,"GEMISCHTER CHOR (Anzahl Instrumente 1, Anzahl Spieler/-innen 0, Anzahl Stimmen 4)",,"VOGT, EMANUEL",266446936,Bearbeiter/-in,,,25.6,100,25.6,100,GEMA,GEMA,-,-,-,-,-,-,-
4799697-002,"O COME, O COME EMMANUEL",1,Nein,Nein,T8019470328,,,16.10.2002,25.05.2024,ENGLISCH,,00:02:56,-,-,,"GEMISCHTER CHOR (Anzahl Instrumente 1, Anzahl Spieler/-innen 0, Anzahl Stimmen 4)",,"NEALE, JOHN M",22127335,Textdichter/-in,,,36,0,36,0,DP,DP,-,-,-,-,-,-,-
4799703-001,DIE HIMMEL ERZAEHLEN DIE EHRE GOTTES,1,Nein,Nein,T8019386701,,,16.10.2002,25.05.2024,,LIED,00:03:00,-,-,,"MAENNERCHOR (Anzahl Instrumente 1, Anzahl Spieler/-innen 0, Anzahl Stimmen 4)",,"VOGT, EMANUEL",266446936,Komponist/-in,,,64,100,64,100,GEMA,GEMA,-,-,-,-,-,-,-
4799703-001,DIE HIMMEL ERZAEHLEN DIE EHRE GOTTES,1,Nein,Nein,T8019386701,,,16.10.2002,25.05.2024,,LIED,00:03:00,-,-,,"MAENNERCHOR (Anzahl Instrumente 1, Anzahl Spieler/-innen 0, Anzahl Stimmen 4)",,DP,39657154,Textdichter/-in,,,36,0,36,0,DP,DP,-,-,-,-,-,-,-
4841173-001,ZEIT ZUM LEBEN,1,Nein,Nein,T8019917251,,,16.10.2002,25.05.2024,DEUTSCH,LIED,00:04:05,-,-,,"GEMISCHTER CHOR (Anzahl Instrumente 1, Anzahl Spieler/-innen 0, Anzahl Stimmen 4)",,"VOGT, EMANUEL",266446936,Komponist/-in,,,64,50,64,50,GEMA,GEMA,-,-,-,-,-,-,-
4841173-001,ZEIT ZUM LEBEN,1,Nein,Nein,T8019917251,,,16.10.2002,25.05.2024,DEUTSCH,LIED,00:04:05,-,-,,"GEMISCHTER CHOR (Anzahl Instrumente 1, Anzahl Spieler/-innen 0, Anzahl Stimmen 4)",,"MICHLER, ELLI",249617539,Textdichter/-in,,,36,50,36,50,GEMA,GEMA,-,-,-,-,-,-,-
4841173-002,ZEIT ZUM LEBEN,1,Nein,Nein,T8025170928,,,08.01.2008,25.05.2024,DEUTSCH,LIED,00:04:05,-,-,,"FRAUENCHOR (Anzahl Instrumente 1, Anzahl Spieler/-innen 0, Anzahl Stimmen 3)",,"VOGT, EMANUEL",266446936,Komponist/-in,,,64,50,64,50,GEMA,GEMA,-,-,-,-,-,-,-
4841173-002,ZEIT ZUM LEBEN,1,Nein,Nein,T8025170928,,,08.01.2008,25.05.2024,DEUTSCH,LIED,00:04:05,-,-,,"FRAUENCHOR (Anzahl Instrumente 1, Anzahl Spieler/-innen 0, Anzahl Stimmen 3)",,"MICHLER, ELLI",249617539,Textdichter/-in,,,36,50,36,50,GEMA,GEMA,-,-,-,-,-,-,-
4912161-001,ZU WELCHEM ZIEL REISST UNS DIE ZEIT NOCH HIN,1,Nein,Nein,T8020957523,,,16.10.2002,25.05.2024,DEUTSCH,LIED,00:03:32,-,-,,"GEMISCHTER CHOR (Anzahl Instrumente 1, Anzahl Spieler/-innen 0, Anzahl Stimmen 0)",,"VOGT, EMANUEL",266446936,Komponist/-in,,,64,50,64,50,GEMA,GEMA,-,-,-,-,-,-,-
4912161-001,ZU WELCHEM ZIEL REISST UNS DIE ZEIT NOCH HIN,1,Nein,Nein,T8020957523,,,16.10.2002,25.05.2024,DEUTSCH,LIED,00:03:32,-,-,,"GEMISCHTER CHOR (Anzahl Instrumente 1, Anzahl Spieler/-innen 0, Anzahl Stimmen 0)",,"LEHNDORFF GRAF VON, HANS",661218362,Textdichter/-in,,,36,50,36,50,,,-,-,-,-,-,-,-
5027474-001,WINDSBACHER PSALMEN,1,Nein,Nein,T8000324131,,,16.10.2002,07.09.2024,,,00:34:32,-,-,PSALM 139 | PSALM 34 | PSALM 25 | PSALM 127 | PSALM 100 | PSALM 130 | JESAJA 53 | PSALM 27 | PSALM 104 | PSALM 23 | PSALM 33,"MAENNERCHOR (Anzahl Instrumente 1, Anzahl Spieler/-innen 0, Anzahl Stimmen 4)","BERINGER, K F","VOGT, EMANUEL",266446936,Komponist/-in,,,64,100,64,100,GEMA,GEMA,-,-,-,-,-,-,-
5027474-001,WINDSBACHER PSALMEN,1,Nein,Nein,T8000324131,,,16.10.2002,07.09.2024,,,00:34:32,-,-,PSALM 139 | PSALM 34 | PSALM 25 | PSALM 127 | PSALM 100 | PSALM 130 | JESAJA 53 | PSALM 27 | PSALM 104 | PSALM 23 | PSALM 33,"MAENNERCHOR (Anzahl Instrumente 1, Anzahl Spieler/-innen 0, Anzahl Stimmen 4)","BERINGER, K F",DP,39657154,Textdichter/-in,,,36,0,36,0,DP,DP,-,-,-,-,-,-,-
5159501-001,ADVENTS-INTRADE 'MACHT HOCH DIE TUER',1,Nein,Nein,T8004439628,,,16.10.2002,25.05.2024,,,00:01:05,-,-,,,,"VOGT, EMANUEL",266446936,Komponist/-in,,E1,66.67,60,66.67,60,GEMA,GEMA,-,-,-,-,-,-,-
5159501-001,ADVENTS-INTRADE 'MACHT HOCH DIE TUER',1,Nein,Nein,T8004439628,,,16.10.2002,25.05.2024,,,00:01:05,-,-,,,,BUND CHRISTLICHER POSAUNENCHOERE DEUTSCHLANDS,4562512,Originalverlag,E1,,33.33,40,33.33,40,GEMA,GEMA,-,-,"VOGT, EMANUEL",266446936,Komponist/-in,-,-
5189607-001,NUNC DIMTTIS,1,Nein,Nein,T8004339134,,,16.10.2002,25.05.2024,,MOTETTE,00:04:30,-,-,,,,"VOGT, EMANUEL",266446936,Komponist/-in,,,64,100,64,100,GEMA,GEMA,-,-,-,-,-,-,-
5189607-001,NUNC DIMTTIS,1,Nein,Nein,T8004339134,,,16.10.2002,25.05.2024,,MOTETTE,00:04:30,-,-,,,,DP,39657154,Textdichter/-in,,,36,0,36,0,DP,DP,-,-,-,-,-,-,-
5370507-002,"FREUT EUCH, IHR LIEBEN CHRISTEN",1,Nein,Nein,T8007476678,,,16.10.2002,25.05.2024,,LIED,00:02:20,-,-,,"MAENNERCHOR (Anzahl Instrumente 1, Anzahl Spieler/-innen 0, Anzahl Stimmen 4)",,DP,39657154,Komponist/-in,,,38.4,0,38.4,0,DP,DP,-,-,-,-,-,-,-
5370507-002,"FREUT EUCH, IHR LIEBEN CHRISTEN",1,Nein,Nein,T8007476678,,,16.10.2002,25.05.2024,,LIED,00:02:20,-,-,,"MAENNERCHOR (Anzahl Instrumente 1, Anzahl Spieler/-innen 0, Anzahl Stimmen 4)",,"VOGT, EMANUEL",266446936,Bearbeiter/-in,,,25.6,100,25.6,100,GEMA,GEMA,-,-,-,-,-,-,-
5370507-002,"FREUT EUCH, IHR LIEBEN CHRISTEN",1,Nein,Nein,T8007476678,,,16.10.2002,25.05.2024,,LIED,00:02:20,-,-,,"MAENNERCHOR (Anzahl Instrumente 1, Anzahl Spieler/-innen 0, Anzahl Stimmen 4)",,DP,39657154,Textdichter/-in,,,36,0,36,0,DP,DP,-,-,-,-,-,-,-
5370514-002,"O KOMM, IMMANUEL",1,Nein,Nein,T8007476623,,,16.10.2002,25.05.2024,,LIED,00:02:30,-,-,,"GEMISCHTER CHOR (Anzahl Instrumente 1, Anzahl Spieler/-innen 0, Anzahl Stimmen 4)",,"BONE, HEINRICH",3628413,Komponist/-in,,,38.4,0,38.4,0,DP,DP,-,-,-,-,-,-,-
5370514-002,"O KOMM, IMMANUEL",1,Nein,Nein,T8007476623,,,16.10.2002,25.05.2024,,LIED,00:02:30,-,-,,"GEMISCHTER CHOR (Anzahl Instrumente 1, Anzahl Spieler/-innen 0, Anzahl Stimmen 4)",,"VOGT, EMANUEL",266446936,Bearbeiter/-in,,,25.6,100,25.6,100,GEMA,GEMA,-,-,-,-,-,-,-
5370514-002,"O KOMM, IMMANUEL",1,Nein,Nein,T8007476623,,,16.10.2002,25.05.2024,,LIED,00:02:30,-,-,,"GEMISCHTER CHOR (Anzahl Instrumente 1, Anzahl Spieler/-innen 0, Anzahl Stimmen 4)",,"BONE, HEINRICH",3628413,Textdichter/-in,,,36,0,36,0,DP,DP,-,-,-,-,-,-,-
5992202-002,PSALM 130,1,Nein,Nein,T8018899849,,,17.10.2002,25.05.2024,,,00:03:40,-,-,WINDSBACHER PSALMEN <5027474>,"MAENNERCHOR (Anzahl Instrumente 1, Anzahl Spieler/-innen 0, Anzahl Stimmen 4)",,"VOGT, EMANUEL",266446936,Komponist/-in,,,64,50,64,50,GEMA,GEMA,-,-,-,-,-,-,-
5992202-002,PSALM 130,1,Nein,Nein,T8018899849,,,17.10.2002,25.05.2024,,,00:03:40,-,-,WINDSBACHER PSALMEN <5027474>,"MAENNERCHOR (Anzahl Instrumente 1, Anzahl Spieler/-innen 0, Anzahl Stimmen 4)",,DP,39657154,Textdichter/-in,,,21.6,0,21.6,0,DP,DP,-,-,-,-,-,-,-
5992202-002,PSALM 130,1,Nein,Nein,T8018899849,,,17.10.2002,25.05.2024,,,00:03:40,-,-,WINDSBACHER PSALMEN <5027474>,"MAENNERCHOR (Anzahl Instrumente 1, Anzahl Spieler/-innen 0, Anzahl Stimmen 4)",,"LAMPARTER, HELMUT",208909654,Spezialtextdichter/-in,,,14.4,50,14.4,50,,,-,-,-,-,-,-,-
5992212-002,UNBEKANNT,1,Nein,Nein,T8018899805,,,23.07.2003,25.05.2024,,,00:02:48,-,-,WINDSBACHER PSALMEN <5027474>,"MAENNERCHOR (Anzahl Instrumente 1, Anzahl Spieler/-innen 0, Anzahl Stimmen 4)",,"VOGT, EMANUEL",266446936,Komponist/-in,,,64,50,64,50,GEMA,GEMA,-,-,-,-,-,-,-
5992212-002,UNBEKANNT,1,Nein,Nein,T8018899805,,,23.07.2003,25.05.2024,,,00:02:48,-,-,WINDSBACHER PSALMEN <5027474>,"MAENNERCHOR (Anzahl Instrumente 1, Anzahl Spieler/-innen 0, Anzahl Stimmen 4)",,DP,39657154,Textdichter/-in,,,21.6,0,21.6,0,DP,DP,-,-,-,-,-,-,-
5992212-002,UNBEKANNT,1,Nein,Nein,T8018899805,,,23.07.2003,25.05.2024,,,00:02:48,-,-,WINDSBACHER PSALMEN <5027474>,"MAENNERCHOR (Anzahl Instrumente 1, Anzahl Spieler/-innen 0, Anzahl Stimmen 4)",,"VOGT, EMANUEL",266446936,Spezialtextdichter/-in,,,14.4,50,14.4,50,GEMA,GEMA,-,-,-,-,-,-,-
5992216-001,PSALM 27,1,Nein,Nein,T8018495563,,,17.10.2002,25.05.2024,,,00:03:22,-,-,WINDSBACHER PSALMEN <5027474>,"MAENNERCHOR (Anzahl Instrumente 1, Anzahl Spieler/-innen 0, Anzahl Stimmen 4)",,"VOGT, EMANUEL",266446936,Komponist/-in,,,64,100,64,100,GEMA,GEMA,-,-,-,-,-,-,-
5992216-001,PSALM 27,1,Nein,Nein,T8018495563,,,17.10.2002,25.05.2024,,,00:03:22,-,-,WINDSBACHER PSALMEN <5027474>,"MAENNERCHOR (Anzahl Instrumente 1, Anzahl Spieler/-innen 0, Anzahl Stimmen 4)",,DP,39657154,Textdichter/-in,,,36,0,36,0,DP,DP,-,-,-,-,-,-,-
5992218-001,PSALM 33,1,Nein,Nein,T8018495449,,,17.10.2002,25.05.2024,,,00:03:32,-,-,WINDSBACHER PSALMEN <5027474>,"MAENNERCHOR (Anzahl Instrumente 1, Anzahl Spieler/-innen 0, Anzahl Stimmen 4)",,"VOGT, EMANUEL",266446936,Komponist/-in,,,64,100,64,100,GEMA,GEMA,-,-,-,-,-,-,-
5992218-001,PSALM 33,1,Nein,Nein,T8018495449,,,17.10.2002,25.05.2024,,,00:03:32,-,-,WINDSBACHER PSALMEN <5027474>,"MAENNERCHOR (Anzahl Instrumente 1, Anzahl Spieler/-innen 0, Anzahl Stimmen 4)",,DP,39657154,Textdichter/-in,,,36,0,36,0,DP,DP,-,-,-,-,-,-,-
5992236-001,PSALM 25,1,Nein,Nein,T8018495018,,,17.10.2002,25.05.2024,,,00:03:38,-,-,WINDSBACHER PSALMEN <5027474>,"MAENNERCHOR (Anzahl Instrumente 1, Anzahl Spieler/-innen 0, Anzahl Stimmen 4)",,"VOGT, EMANUEL",266446936,Komponist/-in,,,64,100,64,100,GEMA,GEMA,-,-,-,-,-,-,-
5992236-001,PSALM 25,1,Nein,Nein,T8018495018,,,17.10.2002,25.05.2024,,,00:03:38,-,-,WINDSBACHER PSALMEN <5027474>,"MAENNERCHOR (Anzahl Instrumente 1, Anzahl Spieler/-innen 0, Anzahl Stimmen 4)",,DP,39657154,Textdichter/-in,,,36,0,36,0,DP,DP,-,-,-,-,-,-,-
5992239-001,PSALM 100,1,Nein,Nein,T8018494924,,,17.10.2002,25.05.2024,,,00:02:36,-,-,WINDSBACHER PSALMEN <5027474>,"MAENNERCHOR (Anzahl Instrumente 1, Anzahl Spieler/-innen 0, Anzahl Stimmen 4)",,"VOGT, EMANUEL",266446936,Komponist/-in,,,64,100,64,100,GEMA,GEMA,-,-,-,-,-,-,-
5992239-001,PSALM 100,1,Nein,Nein,T8018494924,,,17.10.2002,25.05.2024,,,00:02:36,-,-,WINDSBACHER PSALMEN <5027474>,"MAENNERCHOR (Anzahl Instrumente 1, Anzahl Spieler/-innen 0, Anzahl Stimmen 4)",,DP,39657154,Textdichter/-in,,,36,0,36,0,DP,DP,-,-,-,-,-,-,-
5992241-001,PSALM 104,1,Nein,Nein,T8018494855,,,17.10.2002,25.05.2024,,,00:03:25,-,-,WINDSBACHER PSALMEN <5027474>,"MAENNERCHOR (Anzahl Instrumente 1, Anzahl Spieler/-innen 0, Anzahl Stimmen 4)",,"VOGT, EMANUEL",266446936,Komponist/-in,,,64,100,64,100,GEMA,GEMA,-,-,-,-,-,-,-
5992241-001,PSALM 104,1,Nein,Nein,T8018494855,,,17.10.2002,25.05.2024,,,00:03:25,-,-,WINDSBACHER PSALMEN <5027474>,"MAENNERCHOR (Anzahl Instrumente 1, Anzahl Spieler/-innen 0, Anzahl Stimmen 4)",,DP,39657154,Textdichter/-in,,,36,0,36,0,DP,DP,-,-,-,-,-,-,-
5992243-001,PSALM 127,1,Nein,Nein,T8018494811,,,17.10.2002,25.05.2024,,,00:04:05,-,-,WINDSBACHER PSALMEN <5027474>,"MAENNERCHOR (Anzahl Instrumente 1, Anzahl Spieler/-innen 0, Anzahl Stimmen 4)",,"VOGT, EMANUEL",266446936,Komponist/-in,,,64,100,64,100,GEMA,GEMA,-,-,-,-,-,-,-
5992243-001,PSALM 127,1,Nein,Nein,T8018494811,,,17.10.2002,25.05.2024,,,00:04:05,-,-,WINDSBACHER PSALMEN <5027474>,"MAENNERCHOR (Anzahl Instrumente 1, Anzahl Spieler/-innen 0, Anzahl Stimmen 4)",,DP,39657154,Textdichter/-in,,,36,0,36,0,DP,DP,-,-,-,-,-,-,-
5992244-001,PSALM 34,1,Nein,Nein,T8018494684,,,17.10.2002,25.05.2024,,,00:03:48,-,-,WINDSBACHER PSALMEN <5027474>,"MAENNERCHOR (Anzahl Instrumente 1, Anzahl Spieler/-innen 0, Anzahl Stimmen 4)",,"VOGT, EMANUEL",266446936,Komponist/-in,,,64,100,64,100,GEMA,GEMA,-,-,-,-,-,-,-
5992244-001,PSALM 34,1,Nein,Nein,T8018494684,,,17.10.2002,25.05.2024,,,00:03:48,-,-,WINDSBACHER PSALMEN <5027474>,"MAENNERCHOR (Anzahl Instrumente 1, Anzahl Spieler/-innen 0, Anzahl Stimmen 4)",,DP,39657154,Textdichter/-in,,,36,0,36,0,DP,DP,-,-,-,-,-,-,-
5992247-001,PSALM 139,1,Nein,Nein,T8018494640,,,17.10.2002,25.05.2024,,,00:04:02,-,-,WINDSBACHER PSALMEN <5027474>,"MAENNERCHOR (Anzahl Instrumente 1, Anzahl Spieler/-innen 0, Anzahl Stimmen 4)",,"VOGT, EMANUEL",266446936,Komponist/-in,,,64,100,64,100,GEMA,GEMA,-,-,-,-,-,-,-
5992247-001,PSALM 139,1,Nein,Nein,T8018494640,,,17.10.2002,25.05.2024,,,00:04:02,-,-,WINDSBACHER PSALMEN <5027474>,"MAENNERCHOR (Anzahl Instrumente 1, Anzahl Spieler/-innen 0, Anzahl Stimmen 4)",,DP,39657154,Textdichter/-in,,,36,0,36,0,DP,DP,-,-,-,-,-,-,-
5992257-001,PSALM 23,1,Nein,Nein,T8018494275,,,17.10.2002,25.05.2024,,,00:03:06,-,-,WINDSBACHER PSALMEN <5027474>,"MAENNERCHOR (Anzahl Instrumente 1, Anzahl Spieler/-innen 0, Anzahl Stimmen 4)",,"VOGT, EMANUEL",266446936,Komponist/-in,,,64,100,64,100,GEMA,GEMA,-,-,-,-,-,-,-
5992257-001,PSALM 23,1,Nein,Nein,T8018494275,,,17.10.2002,25.05.2024,,,00:03:06,-,-,WINDSBACHER PSALMEN <5027474>,"MAENNERCHOR (Anzahl Instrumente 1, Anzahl Spieler/-innen 0, Anzahl Stimmen 4)",,DP,39657154,Textdichter/-in,,,36,0,36,0,DP,DP,-,-,-,-,-,-,-
7639658-001,PSALM 1:MIR STEHET DEINE HULD VOR AUGEN,1,Nein,Nein,T8007736360,,,14.01.2003,25.05.2024,,,00:03:20,-,-,WINDSBACHER PSALMEN,"MAENNERCHOR (Anzahl Instrumente 1, Anzahl Spieler/-innen 0, Anzahl Stimmen 0)",,"VOGT, EMANUEL",266446936,Komponist/-in,,,64,100,64,100,GEMA,GEMA,-,-,-,-,-,-,-
7639658-001,PSALM 1:MIR STEHET DEINE HULD VOR AUGEN,1,Nein,Nein,T8007736360,,,14.01.2003,25.05.2024,,,00:03:20,-,-,WINDSBACHER PSALMEN,"MAENNERCHOR (Anzahl Instrumente 1, Anzahl Spieler/-innen 0, Anzahl Stimmen 0)",,DP,39657154,Textdichter/-in,,,36,0,36,0,DP,DP,-,-,-,-,-,-,-
7639685-001,PSALM 90:TAUSEND JAHRE SIND VOR DIR,1,Nein,Nein,T8007735561,,,14.01.2003,25.05.2024,,,00:05:14,-,-,WINDSBACHER PSALMEN,"MAENNERCHOR (Anzahl Instrumente 1, Anzahl Spieler/-innen 0, Anzahl Stimmen 0)",,"VOGT, EMANUEL",266446936,Komponist/-in,,,64,50,64,50,GEMA,GEMA,-,-,-,-,-,-,-
7639685-001,PSALM 90:TAUSEND JAHRE SIND VOR DIR,1,Nein,Nein,T8007735561,,,14.01.2003,25.05.2024,,,00:05:14,-,-,WINDSBACHER PSALMEN,"MAENNERCHOR (Anzahl Instrumente 1, Anzahl Spieler/-innen 0, Anzahl Stimmen 0)",,"LAMPARTER, HELMUT",208909654,Textdichter/-in,,,36,50,36,50,,,-,-,-,-,-,-,-
7639702-001,PSALM 27:HARRE DES HERRN,1,Nein,Nein,T8007732404,,,14.01.2003,25.05.2024,,,00:03:10,-,-,WINDSBACHER PSALMEN,"MAENNERCHOR (Anzahl Instrumente 1, Anzahl Spieler/-innen 0, Anzahl Stimmen 0)",,"VOGT, EMANUEL",266446936,Komponist/-in,,,64,50,64,50,GEMA,GEMA,-,-,-,-,-,-,-
7639702-001,PSALM 27:HARRE DES HERRN,1,Nein,Nein,T8007732404,,,14.01.2003,25.05.2024,,,00:03:10,-,-,WINDSBACHER PSALMEN,"MAENNERCHOR (Anzahl Instrumente 1, Anzahl Spieler/-innen 0, Anzahl Stimmen 0)",,"VOGT, EMANUEL",266446936,Textdichter/-in,,,36,50,36,50,GEMA,GEMA,-,-,-,-,-,-,-
8198500-001,PSALM 4:ERBARME DICH MEINER,1,Nein,Nein,T8017256304,,,17.04.2004,24.05.2024,,,00:02:45,-,-,WINDSBACHER PSALMEN,"MAENNERCHOR (Anzahl Instrumente 1, Anzahl Spieler/-innen 0, Anzahl Stimmen 0)",,"VOGT, EMANUEL",266446936,Komponist/-in,,,64,100,64,100,GEMA,GEMA,-,-,-,-,-,-,-
8198500-001,PSALM 4:ERBARME DICH MEINER,1,Nein,Nein,T8017256304,,,17.04.2004,24.05.2024,,,00:02:45,-,-,WINDSBACHER PSALMEN,"MAENNERCHOR (Anzahl Instrumente 1, Anzahl Spieler/-innen 0, Anzahl Stimmen 0)",,DP,39657154,Textdichter/-in,,,36,0,36,0,DP,DP,-,-,-,-,-,-,-
8198508-001,PSALM 19:DIE HIMMEL ERZAEHLEN,1,Nein,Nein,T8017256246,,,17.04.2004,24.05.2024,,,00:02:32,-,-,WINDSBACHER PSALMEN,"MAENNERCHOR (Anzahl Instrumente 1, Anzahl Spieler/-innen 0, Anzahl Stimmen 0)",,"VOGT, EMANUEL",266446936,Komponist/-in,,,64,100,64,100,GEMA,GEMA,-,-,-,-,-,-,-
8198508-001,PSALM 19:DIE HIMMEL ERZAEHLEN,1,Nein,Nein,T8017256246,,,17.04.2004,24.05.2024,,,00:02:32,-,-,WINDSBACHER PSALMEN,"MAENNERCHOR (Anzahl Instrumente 1, Anzahl Spieler/-innen 0, Anzahl Stimmen 0)",,DP,39657154,Textdichter/-in,,,36,0,36,0,DP,DP,-,-,-,-,-,-,-
8198509-001,PSALM 25:DIE PFADE DES HERRN,1,Nein,Nein,T8017256224,,,17.04.2004,24.05.2024,,,00:03:20,-,-,WINDSBACHER PSALMEN,"MAENNERCHOR (Anzahl Instrumente 1, Anzahl Spieler/-innen 0, Anzahl Stimmen 0)",,"VOGT, EMANUEL",266446936,Komponist/-in,,,64,100,64,100,GEMA,GEMA,-,-,-,-,-,-,-
8198509-001,PSALM 25:DIE PFADE DES HERRN,1,Nein,Nein,T8017256224,,,17.04.2004,24.05.2024,,,00:03:20,-,-,WINDSBACHER PSALMEN,"MAENNERCHOR (Anzahl Instrumente 1, Anzahl Spieler/-innen 0, Anzahl Stimmen 0)",,DP,39657154,Textdichter/-in,,,36,0,36,0,DP,DP,-,-,-,-,-,-,-
8198510-001,PSALM 31:IN DEINE HAENDE BEFIEHLE,1,Nein,Nein,T8017256202,,,17.04.2004,24.05.2024,,,00:03:32,-,-,WINDSBACHER PSALMEN,"MAENNERCHOR (Anzahl Instrumente 1, Anzahl Spieler/-innen 0, Anzahl Stimmen 0)",,"VOGT, EMANUEL",266446936,Komponist/-in,,,64,100,64,100,GEMA,GEMA,-,-,-,-,-,-,-
8198510-001,PSALM 31:IN DEINE HAENDE BEFIEHLE,1,Nein,Nein,T8017256202,,,17.04.2004,24.05.2024,,,00:03:32,-,-,WINDSBACHER PSALMEN,"MAENNERCHOR (Anzahl Instrumente 1, Anzahl Spieler/-innen 0, Anzahl Stimmen 0)",,DP,39657154,Textdichter/-in,,,36,0,36,0,DP,DP,-,-,-,-,-,-,-
8198511-001,"PSALM 92:HERR, WIE SIND DEINE WERKE",1,Nein,Nein,T8017256188,,,17.04.2004,24.05.2024,,,00:04:42,-,-,WINDSBACHER PSALMEN,"MAENNERCHOR (Anzahl Instrumente 1, Anzahl Spieler/-innen 0, Anzahl Stimmen 0)",,"VOGT, EMANUEL",266446936,Komponist/-in,,,64,100,64,100,GEMA,GEMA,-,-,-,-,-,-,-
8198511-001,"PSALM 92:HERR, WIE SIND DEINE WERKE",1,Nein,Nein,T8017256188,,,17.04.2004,24.05.2024,,,00:04:42,-,-,WINDSBACHER PSALMEN,"MAENNERCHOR (Anzahl Instrumente 1, Anzahl Spieler/-innen 0, Anzahl Stimmen 0)",,DP,39657154,Textdichter/-in,,,36,0,36,0,DP,DP,-,-,-,-,-,-,-
8198512-001,PSALM 95:KOMMT HERZU UND LASST UNS DEM HERRN FROHLOCKEN,1,Nein,Nein,T8017256177,,,17.04.2004,24.05.2024,,,00:02:50,-,-,WINDSBACHER PSALMEN,"MAENNERCHOR (Anzahl Instrumente 1, Anzahl Spieler/-innen 0, Anzahl Stimmen 0)",,"VOGT, EMANUEL",266446936,Komponist/-in,,,64,100,64,100,GEMA,GEMA,-,-,-,-,-,-,-
8198512-001,PSALM 95:KOMMT HERZU UND LASST UNS DEM HERRN FROHLOCKEN,1,Nein,Nein,T8017256177,,,17.04.2004,24.05.2024,,,00:02:50,-,-,WINDSBACHER PSALMEN,"MAENNERCHOR (Anzahl Instrumente 1, Anzahl Spieler/-innen 0, Anzahl Stimmen 0)",,DP,39657154,Textdichter/-in,,,36,0,36,0,DP,DP,-,-,-,-,-,-,-
8198513-001,PSALM 119:OEFFNE MIR DIE AUGEN(WOHL DENEN DIE OHNE TADEL LEBEN),1,Nein,Nein,T8017256155,,,17.04.2004,24.05.2024,,,00:03:11,-,-,WINDSBACHER PSALMEN,"MAENNERCHOR (Anzahl Instrumente 1, Anzahl Spieler/-innen 0, Anzahl Stimmen 0)",,"VOGT, EMANUEL",266446936,Komponist/-in,,,64,100,64,100,GEMA,GEMA,-,-,-,-,-,-,-
8198513-001,PSALM 119:OEFFNE MIR DIE AUGEN(WOHL DENEN DIE OHNE TADEL LEBEN),1,Nein,Nein,T8017256155,,,17.04.2004,24.05.2024,,,00:03:11,-,-,WINDSBACHER PSALMEN,"MAENNERCHOR (Anzahl Instrumente 1, Anzahl Spieler/-innen 0, Anzahl Stimmen 0)",,DP,39657154,Textdichter/-in,,,36,0,36,0,DP,DP,-,-,-,-,-,-,-
8198514-001,PSALM 127:UNSERE HILFE STEHET IM NAMEN DES HERREN,1,Nein,Nein,T8017255709,,,17.04.2004,24.05.2024,,,00:03:00,-,-,WINDSBACHER PSALMEN,"MAENNERCHOR (Anzahl Instrumente 1, Anzahl Spieler/-innen 0, Anzahl Stimmen 0)",,"VOGT, EMANUEL",266446936,Komponist/-in,,,64,100,64,100,GEMA,GEMA,-,-,-,-,-,-,-
8198514-001,PSALM 127:UNSERE HILFE STEHET IM NAMEN DES HERREN,1,Nein,Nein,T8017255709,,,17.04.2004,24.05.2024,,,00:03:00,-,-,WINDSBACHER PSALMEN,"MAENNERCHOR (Anzahl Instrumente 1, Anzahl Spieler/-innen 0, Anzahl Stimmen 0)",,DP,39657154,Textdichter/-in,,,36,0,36,0,DP,DP,-,-,-,-,-,-,-
8198515-001,"PSALM 139:HERR, DU ERFORSCHEST MICH",1,Nein,Nein,T8017255549,,,17.04.2004,24.05.2024,,,00:02:07,-,-,WINDSBACHER PSALMEN,"MAENNERCHOR (Anzahl Instrumente 1, Anzahl Spieler/-innen 0, Anzahl Stimmen 0)",,"VOGT, EMANUEL",266446936,Komponist/-in,,,64,100,64,100,GEMA,GEMA,-,-,-,-,-,-,-
8198515-001,"PSALM 139:HERR, DU ERFORSCHEST MICH",1,Nein,Nein,T8017255549,,,17.04.2004,24.05.2024,,,00:02:07,-,-,WINDSBACHER PSALMEN,"MAENNERCHOR (Anzahl Instrumente 1, Anzahl Spieler/-innen 0, Anzahl Stimmen 0)",,DP,39657154,Textdichter/-in,,,36,0,36,0,DP,DP,-,-,-,-,-,-,-
8198516-001,"PSALM 143:HERR, ERHOERE MEIN GEBET",1,Nein,Nein,T8017255516,,,17.04.2004,24.05.2024,,,00:06:12,-,-,WINDSBACHER PSALMEN,"MAENNERCHOR (Anzahl Instrumente 1, Anzahl Spieler/-innen 0, Anzahl Stimmen 0)",,"VOGT, EMANUEL",266446936,Komponist/-in,,,64,100,64,100,GEMA,GEMA,-,-,-,-,-,-,-
8198516-001,"PSALM 143:HERR, ERHOERE MEIN GEBET",1,Nein,Nein,T8017255516,,,17.04.2004,24.05.2024,,,00:06:12,-,-,WINDSBACHER PSALMEN,"MAENNERCHOR (Anzahl Instrumente 1, Anzahl Spieler/-innen 0, Anzahl Stimmen 0)",,DP,39657154,Textdichter/-in,,,36,0,36,0,DP,DP,-,-,-,-,-,-,-
8198517-001,PSALM 150:ALLES WAS ODEM HAT,1,Nein,Nein,T8017255414,,,17.04.2004,24.05.2024,,,00:02:45,-,-,WINDSBACHER PSALMEN,"MAENNERCHOR (Anzahl Instrumente 1, Anzahl Spieler/-innen 0, Anzahl Stimmen 0)",,"VOGT, EMANUEL",266446936,Komponist/-in,,,64,100,64,100,GEMA,GEMA,-,-,-,-,-,-,-
8198517-001,PSALM 150:ALLES WAS ODEM HAT,1,Nein,Nein,T8017255414,,,17.04.2004,24.05.2024,,,00:02:45,-,-,WINDSBACHER PSALMEN,"MAENNERCHOR (Anzahl Instrumente 1, Anzahl Spieler/-innen 0, Anzahl Stimmen 0)",,DP,39657154,Textdichter/-in,,,36,0,36,0,DP,DP,-,-,-,-,-,-,-
8198521-001,PSALM 96:LOBET DEN HERRN,1,Nein,Nein,T8017255389,,,17.04.2004,24.05.2024,,,00:04:45,-,-,WINDSBACHER PSALMEN,"MAENNERCHOR (Anzahl Instrumente 1, Anzahl Spieler/-innen 0, Anzahl Stimmen 0)",,"VOGT, EMANUEL",266446936,Komponist/-in,,,64,50,64,50,GEMA,GEMA,-,-,-,-,-,-,-
8198521-001,PSALM 96:LOBET DEN HERRN,1,Nein,Nein,T8017255389,,,17.04.2004,24.05.2024,,,00:04:45,-,-,WINDSBACHER PSALMEN,"MAENNERCHOR (Anzahl Instrumente 1, Anzahl Spieler/-innen 0, Anzahl Stimmen 0)",,"VOGT, EMANUEL",266446936,Textdichter/-in,,,36,50,36,50,GEMA,GEMA,-,-,-,-,-,-,-
8198524-001,PSALM 146:ICH WILL DEN HERREN LOBEN,1,Nein,Nein,T8017254922,,,17.04.2004,24.05.2024,,,00:02:35,-,-,WINDSBACHER PSALMEN,"MAENNERCHOR (Anzahl Instrumente 1, Anzahl Spieler/-innen 0, Anzahl Stimmen 0)",,"VOGT, EMANUEL",266446936,Komponist/-in,,,64,50,64,50,GEMA,GEMA,-,-,-,-,-,-,-
8198524-001,PSALM 146:ICH WILL DEN HERREN LOBEN,1,Nein,Nein,T8017254922,,,17.04.2004,24.05.2024,,,00:02:35,-,-,WINDSBACHER PSALMEN,"MAENNERCHOR (Anzahl Instrumente 1, Anzahl Spieler/-innen 0, Anzahl Stimmen 0)",,"VOGT, EMANUEL",266446936,Textdichter/-in,,,36,50,36,50,GEMA,GEMA,-,-,-,-,-,-,-
8198525-001,PSALM:149:HALLELUJAH!SINGET DEM HERRN EIN NEUES LIED,1,Nein,Nein,T8017254897,,,17.04.2004,24.05.2024,,,00:03:55,-,-,WINDSBACHER PSALMEN,"MAENNERCHOR (Anzahl Instrumente 1, Anzahl Spieler/-innen 0, Anzahl Stimmen 0)",,"VOGT, EMANUEL",266446936,Komponist/-in,,,64,50,64,50,GEMA,GEMA,-,-,-,-,-,-,-
8198525-001,PSALM:149:HALLELUJAH!SINGET DEM HERRN EIN NEUES LIED,1,Nein,Nein,T8017254897,,,17.04.2004,24.05.2024,,,00:03:55,-,-,WINDSBACHER PSALMEN,"MAENNERCHOR (Anzahl Instrumente 1, Anzahl Spieler/-innen 0, Anzahl Stimmen 0)",,"VOGT, EMANUEL",266446936,Textdichter/-in,,,36,50,36,50,GEMA,GEMA,-,-,-,-,-,-,-
8198526-001,"JESAJA 53:SIEHE, DAS IST GOTTES LAMM",1,Nein,Nein,T8017254466,,,17.04.2004,24.05.2024,,,00:01:55,-,-,WINDSBACHER PSALMEN,"MAENNERCHOR (Anzahl Instrumente 1, Anzahl Spieler/-innen 0, Anzahl Stimmen 0)",,"VOGT, EMANUEL",266446936,Komponist/-in,,,64,50,64,50,GEMA,GEMA,-,-,-,-,-,-,-
8198526-001,"JESAJA 53:SIEHE, DAS IST GOTTES LAMM",1,Nein,Nein,T8017254466,,,17.04.2004,24.05.2024,,,00:01:55,-,-,WINDSBACHER PSALMEN,"MAENNERCHOR (Anzahl Instrumente 1, Anzahl Spieler/-innen 0, Anzahl Stimmen 0)",,"VOGT, EMANUEL",266446936,Textdichter/-in,,,36,50,36,50,GEMA,GEMA,-,-,-,-,-,-,-
8198531-001,"PSALM 130:HERR, ERHOERE MEINE STIMME",1,Nein,Nein,T8017254331,,,17.04.2004,24.05.2024,,,00:02:55,-,-,WINDSBACHER PSALMEN,"MAENNERCHOR (Anzahl Instrumente 1, Anzahl Spieler/-innen 0, Anzahl Stimmen 0)",,"VOGT, EMANUEL",266446936,Komponist/-in,,,64,50,64,50,GEMA,GEMA,-,-,-,-,-,-,-
8198531-001,"PSALM 130:HERR, ERHOERE MEINE STIMME",1,Nein,Nein,T8017254331,,,17.04.2004,24.05.2024,,,00:02:55,-,-,WINDSBACHER PSALMEN,"MAENNERCHOR (Anzahl Instrumente 1, Anzahl Spieler/-innen 0, Anzahl Stimmen 0)",,"LAMPARTER, HELMUT",208909654,Textdichter/-in,,,36,50,36,50,,,-,-,-,-,-,-,-
8198552-001,PSALM 126:WENN DER HERR DIE GEFANGENEN ZIONS ERLOESEN WIRD,1,Nein,Nein,T8017253452,,,17.04.2004,24.05.2024,,,00:04:38,-,-,WINDSBACHER PSALMEN,"MAENNERCHOR (Anzahl Instrumente 1, Anzahl Spieler/-innen 0, Anzahl Stimmen 0)",,"VOGT, EMANUEL",266446936,Komponist/-in,,,64,50,64,50,GEMA,GEMA,-,-,-,-,-,-,-
8198552-001,PSALM 126:WENN DER HERR DIE GEFANGENEN ZIONS ERLOESEN WIRD,1,Nein,Nein,T8017253452,,,17.04.2004,24.05.2024,,,00:04:38,-,-,WINDSBACHER PSALMEN,"MAENNERCHOR (Anzahl Instrumente 1, Anzahl Spieler/-innen 0, Anzahl Stimmen 0)",,"VOGT, EMANUEL",266446936,Textdichter/-in,,,36,50,36,50,GEMA,GEMA,-,-,-,-,-,-,-
8198553-001,PSALM 136:DANKET DEM HERRN,1,Nein,Nein,T8017253429,,,17.04.2004,24.05.2024,,,00:04:45,-,-,WINDSBACHER PSALMEN,"MAENNERCHOR (Anzahl Instrumente 1, Anzahl Spieler/-innen 0, Anzahl Stimmen 0)",,"VOGT, EMANUEL",266446936,Komponist/-in,,,64,50,64,50,GEMA,GEMA,-,-,-,-,-,-,-
8198553-001,PSALM 136:DANKET DEM HERRN,1,Nein,Nein,T8017253429,,,17.04.2004,24.05.2024,,,00:04:45,-,-,WINDSBACHER PSALMEN,"MAENNERCHOR (Anzahl Instrumente 1, Anzahl Spieler/-innen 0, Anzahl Stimmen 0)",,"VOGT, EMANUEL",266446936,Textdichter/-in,,,36,50,36,50,GEMA,GEMA,-,-,-,-,-,-,-
8257039-001,PSALM 4,1,Nein,Nein,T8018111677,,,01.06.2004,24.05.2024,,,00:02:34,-,-,WINDSBACHER PSALMEN,"GEMISCHTER CHOR (Anzahl Instrumente 1, Anzahl Spieler/-innen 0, Anzahl Stimmen 0)",,"VOGT, EMANUEL",266446936,Komponist/-in,,E2,42.67,60,42.67,60,GEMA,GEMA,-,-,-,-,-,-,-
8257039-001,PSALM 4,1,Nein,Nein,T8018111677,,,01.06.2004,24.05.2024,,,00:02:34,-,-,WINDSBACHER PSALMEN,"GEMISCHTER CHOR (Anzahl Instrumente 1, Anzahl Spieler/-innen 0, Anzahl Stimmen 0)",,DP,39657154,Textdichter/-in,,E1,24,0,24,0,DP,DP,-,-,-,-,-,-,-
8257039-001,PSALM 4,1,Nein,Nein,T8018111677,,,01.06.2004,24.05.2024,,,00:02:34,-,-,WINDSBACHER PSALMEN,"GEMISCHTER CHOR (Anzahl Instrumente 1, Anzahl Spieler/-innen 0, Anzahl Stimmen 0)",,STRUBE VERLAG-GMBH,136758548,Originalverlag,E1,,12,20,33.33,40,GEMA,GEMA,-,-,DP,39657154,Textdichter/-in,-,-
8257039-001,PSALM 4,1,Nein,Nein,T8018111677,,,01.06.2004,24.05.2024,,,00:02:34,-,-,WINDSBACHER PSALMEN,"GEMISCHTER CHOR (Anzahl Instrumente 1, Anzahl Spieler/-innen 0, Anzahl Stimmen 0)",,STRUBE VERLAG-GMBH,136758548,Originalverlag,E2,,21.33,20,33.33,40,GEMA,GEMA,-,-,"VOGT, EMANUEL",266446936,Komponist/-in,-,-
8257047-001,PSALM 22,1,Nein,Nein,T8018111633,,,01.06.2004,24.05.2024,,,00:02:15,-,-,WINDSBACHER PSALMEN,"GEMISCHTER CHOR (Anzahl Instrumente 1, Anzahl Spieler/-innen 0, Anzahl Stimmen 0)",,"VOGT, EMANUEL",266446936,Komponist/-in,,E2,42.67,60,42.67,60,GEMA,GEMA,-,-,-,-,-,-,-
8257047-001,PSALM 22,1,Nein,Nein,T8018111633,,,01.06.2004,24.05.2024,,,00:02:15,-,-,WINDSBACHER PSALMEN,"GEMISCHTER CHOR (Anzahl Instrumente 1, Anzahl Spieler/-innen 0, Anzahl Stimmen 0)",,DP,39657154,Textdichter/-in,,E1,24,0,24,0,DP,DP,-,-,-,-,-,-,-
8257047-001,PSALM 22,1,Nein,Nein,T8018111633,,,01.06.2004,24.05.2024,,,00:02:15,-,-,WINDSBACHER PSALMEN,"GEMISCHTER CHOR (Anzahl Instrumente 1, Anzahl Spieler/-innen 0, Anzahl Stimmen 0)",,STRUBE VERLAG-GMBH,136758548,Originalverlag,E1,,12,20,33.33,40,GEMA,GEMA,-,-,DP,39657154,Textdichter/-in,-,-
8257047-001,PSALM 22,1,Nein,Nein,T8018111633,,,01.06.2004,24.05.2024,,,00:02:15,-,-,WINDSBACHER PSALMEN,"GEMISCHTER CHOR (Anzahl Instrumente 1, Anzahl Spieler/-innen 0, Anzahl Stimmen 0)",,STRUBE VERLAG-GMBH,136758548,Originalverlag,E2,,21.33,20,33.33,40,GEMA,GEMA,-,-,"VOGT, EMANUEL",266446936,Komponist/-in,-,-
8257048-001,PSALM 24,1,Nein,Nein,T8018111600,,,01.06.2004,24.05.2024,,,00:02:25,-,-,WINDSBACHER PSALMEN,"GEMISCHTER CHOR (Anzahl Instrumente 1, Anzahl Spieler/-innen 0, Anzahl Stimmen 0)",,"VOGT, EMANUEL",266446936,Komponist/-in,,E2,42.67,60,42.67,60,GEMA,GEMA,-,-,-,-,-,-,-
8257048-001,PSALM 24,1,Nein,Nein,T8018111600,,,01.06.2004,24.05.2024,,,00:02:25,-,-,WINDSBACHER PSALMEN,"GEMISCHTER CHOR (Anzahl Instrumente 1, Anzahl Spieler/-innen 0, Anzahl Stimmen 0)",,DP,39657154,Textdichter/-in,,E1,24,0,24,0,DP,DP,-,-,-,-,-,-,-
8257048-001,PSALM 24,1,Nein,Nein,T8018111600,,,01.06.2004,24.05.2024,,,00:02:25,-,-,WINDSBACHER PSALMEN,"GEMISCHTER CHOR (Anzahl Instrumente 1, Anzahl Spieler/-innen 0, Anzahl Stimmen 0)",,STRUBE VERLAG-GMBH,136758548,Originalverlag,E1,,12,20,33.33,40,GEMA,GEMA,-,-,DP,39657154,Textdichter/-in,-,-
8257048-001,PSALM 24,1,Nein,Nein,T8018111600,,,01.06.2004,24.05.2024,,,00:02:25,-,-,WINDSBACHER PSALMEN,"GEMISCHTER CHOR (Anzahl Instrumente 1, Anzahl Spieler/-innen 0, Anzahl Stimmen 0)",,STRUBE VERLAG-GMBH,136758548,Originalverlag,E2,,21.33,20,33.33,40,GEMA,GEMA,-,-,"VOGT, EMANUEL",266446936,Komponist/-in,-,-
8257049-001,PSALM 31,1,Nein,Nein,T8018111564,,,01.06.2004,24.05.2024,,,00:02:23,-,-,WINDSBACHER PSALMEN,"GEMISCHTER CHOR (Anzahl Instrumente 1, Anzahl Spieler/-innen 0, Anzahl Stimmen 0)",,"VOGT, EMANUEL",266446936,Komponist/-in,,E2,42.67,60,42.67,60,GEMA,GEMA,-,-,-,-,-,-,-
8257049-001,PSALM 31,1,Nein,Nein,T8018111564,,,01.06.2004,24.05.2024,,,00:02:23,-,-,WINDSBACHER PSALMEN,"GEMISCHTER CHOR (Anzahl Instrumente 1, Anzahl Spieler/-innen 0, Anzahl Stimmen 0)",,DP,39657154,Textdichter/-in,,E1,24,0,24,0,DP,DP,-,-,-,-,-,-,-
8257049-001,PSALM 31,1,Nein,Nein,T8018111564,,,01.06.2004,24.05.2024,,,00:02:23,-,-,WINDSBACHER PSALMEN,"GEMISCHTER CHOR (Anzahl Instrumente 1, Anzahl Spieler/-innen 0, Anzahl Stimmen 0)",,STRUBE VERLAG-GMBH,136758548,Originalverlag,E1,,12,20,33.33,40,GEMA,GEMA,-,-,DP,39657154,Textdichter/-in,-,-
8257049-001,PSALM 31,1,Nein,Nein,T8018111564,,,01.06.2004,24.05.2024,,,00:02:23,-,-,WINDSBACHER PSALMEN,"GEMISCHTER CHOR (Anzahl Instrumente 1, Anzahl Spieler/-innen 0, Anzahl Stimmen 0)",,STRUBE VERLAG-GMBH,136758548,Originalverlag,E2,,21.33,20,33.33,40,GEMA,GEMA,-,-,"VOGT, EMANUEL",266446936,Komponist/-in,-,-
8257050-001,PSALM 42,1,Nein,Nein,T8018111531,,,01.06.2004,24.05.2024,,,00:02:33,-,-,WINDSBACHER PSALMEN,"GEMISCHTER CHOR (Anzahl Instrumente 1, Anzahl Spieler/-innen 0, Anzahl Stimmen 0)",,"VOGT, EMANUEL",266446936,Komponist/-in,,E2,42.67,60,42.67,60,GEMA,GEMA,-,-,-,-,-,-,-
8257050-001,PSALM 42,1,Nein,Nein,T8018111531,,,01.06.2004,24.05.2024,,,00:02:33,-,-,WINDSBACHER PSALMEN,"GEMISCHTER CHOR (Anzahl Instrumente 1, Anzahl Spieler/-innen 0, Anzahl Stimmen 0)",,DP,39657154,Textdichter/-in,,E1,24,0,24,0,DP,DP,-,-,-,-,-,-,-
8257050-001,PSALM 42,1,Nein,Nein,T8018111531,,,01.06.2004,24.05.2024,,,00:02:33,-,-,WINDSBACHER PSALMEN,"GEMISCHTER CHOR (Anzahl Instrumente 1, Anzahl Spieler/-innen 0, Anzahl Stimmen 0)",,STRUBE VERLAG-GMBH,136758548,Originalverlag,E1,,12,20,33.33,40,GEMA,GEMA,-,-,DP,39657154,Textdichter/-in,-,-
8257050-001,PSALM 42,1,Nein,Nein,T8018111531,,,01.06.2004,24.05.2024,,,00:02:33,-,-,WINDSBACHER PSALMEN,"GEMISCHTER CHOR (Anzahl Instrumente 1, Anzahl Spieler/-innen 0, Anzahl Stimmen 0)",,STRUBE VERLAG-GMBH,136758548,Originalverlag,E2,,21.33,20,33.33,40,GEMA,GEMA,-,-,"VOGT, EMANUEL",266446936,Komponist/-in,-,-
8257051-001,"PSALM 103#1-5, 8-13",1,Nein,Nein,T8018111519,,,01.06.2004,24.05.2024,,,00:02:43,-,-,WINDSBACHER PSALMEN,"GEMISCHTER CHOR (Anzahl Instrumente 1, Anzahl Spieler/-innen 0, Anzahl Stimmen 0)",,"VOGT, EMANUEL",266446936,Komponist/-in,,E2,42.67,60,42.67,60,GEMA,GEMA,-,-,-,-,-,-,-
8257051-001,"PSALM 103#1-5, 8-13",1,Nein,Nein,T8018111519,,,01.06.2004,24.05.2024,,,00:02:43,-,-,WINDSBACHER PSALMEN,"GEMISCHTER CHOR (Anzahl Instrumente 1, Anzahl Spieler/-innen 0, Anzahl Stimmen 0)",,DP,39657154,Textdichter/-in,,E1,24,0,24,0,DP,DP,-,-,-,-,-,-,-
8257051-001,"PSALM 103#1-5, 8-13",1,Nein,Nein,T8018111519,,,01.06.2004,24.05.2024,,,00:02:43,-,-,WINDSBACHER PSALMEN,"GEMISCHTER CHOR (Anzahl Instrumente 1, Anzahl Spieler/-innen 0, Anzahl Stimmen 0)",,STRUBE VERLAG-GMBH,136758548,Originalverlag,E1,,12,20,33.33,40,GEMA,GEMA,-,-,DP,39657154,Textdichter/-in,-,-
8257051-001,"PSALM 103#1-5, 8-13",1,Nein,Nein,T8018111519,,,01.06.2004,24.05.2024,,,00:02:43,-,-,WINDSBACHER PSALMEN,"GEMISCHTER CHOR (Anzahl Instrumente 1, Anzahl Spieler/-innen 0, Anzahl Stimmen 0)",,STRUBE VERLAG-GMBH,136758548,Originalverlag,E2,,21.33,20,33.33,40,GEMA,GEMA,-,-,"VOGT, EMANUEL",266446936,Komponist/-in,-,-
8257052-001,PSALM 103#1-13,1,Nein,Nein,T8018111417,,,01.06.2004,24.05.2024,,,00:03:25,-,-,WINDSBACHER PSALMEN,"GEMISCHTER CHOR (Anzahl Instrumente 1, Anzahl Spieler/-innen 0, Anzahl Stimmen 0)",,"VOGT, EMANUEL",266446936,Komponist/-in,,E2,42.67,60,42.67,60,GEMA,GEMA,-,-,-,-,-,-,-
8257052-001,PSALM 103#1-13,1,Nein,Nein,T8018111417,,,01.06.2004,24.05.2024,,,00:03:25,-,-,WINDSBACHER PSALMEN,"GEMISCHTER CHOR (Anzahl Instrumente 1, Anzahl Spieler/-innen 0, Anzahl Stimmen 0)",,DP,39657154,Textdichter/-in,,E1,24,0,24,0,DP,DP,-,-,-,-,-,-,-
8257052-001,PSALM 103#1-13,1,Nein,Nein,T8018111417,,,01.06.2004,24.05.2024,,,00:03:25,-,-,WINDSBACHER PSALMEN,"GEMISCHTER CHOR (Anzahl Instrumente 1, Anzahl Spieler/-innen 0, Anzahl Stimmen 0)",,STRUBE VERLAG-GMBH,136758548,Originalverlag,E1,,12,20,33.33,40,GEMA,GEMA,-,-,DP,39657154,Textdichter/-in,-,-
8257052-001,PSALM 103#1-13,1,Nein,Nein,T8018111417,,,01.06.2004,24.05.2024,,,00:03:25,-,-,WINDSBACHER PSALMEN,"GEMISCHTER CHOR (Anzahl Instrumente 1, Anzahl Spieler/-innen 0, Anzahl Stimmen 0)",,STRUBE VERLAG-GMBH,136758548,Originalverlag,E2,,21.33,20,33.33,40,GEMA,GEMA,-,-,"VOGT, EMANUEL",266446936,Komponist/-in,-,-
8257053-001,PSALM 123,1,Nein,Nein,T8018111393,,,01.06.2004,24.05.2024,,,00:02:45,-,-,WINDSBACHER PSALMEN,"GEMISCHTER CHOR (Anzahl Instrumente 1, Anzahl Spieler/-innen 0, Anzahl Stimmen 0)",,"VOGT, EMANUEL",266446936,Komponist/-in,,E2,42.67,60,42.67,60,GEMA,GEMA,-,-,-,-,-,-,-
8257053-001,PSALM 123,1,Nein,Nein,T8018111393,,,01.06.2004,24.05.2024,,,00:02:45,-,-,WINDSBACHER PSALMEN,"GEMISCHTER CHOR (Anzahl Instrumente 1, Anzahl Spieler/-innen 0, Anzahl Stimmen 0)",,DP,39657154,Textdichter/-in,,E1,24,0,24,0,DP,DP,-,-,-,-,-,-,-
8257053-001,PSALM 123,1,Nein,Nein,T8018111393,,,01.06.2004,24.05.2024,,,00:02:45,-,-,WINDSBACHER PSALMEN,"GEMISCHTER CHOR (Anzahl Instrumente 1, Anzahl Spieler/-innen 0, Anzahl Stimmen 0)",,STRUBE VERLAG-GMBH,136758548,Originalverlag,E1,,12,20,33.33,40,GEMA,GEMA,-,-,DP,39657154,Textdichter/-in,-,-
8257053-001,PSALM 123,1,Nein,Nein,T8018111393,,,01.06.2004,24.05.2024,,,00:02:45,-,-,WINDSBACHER PSALMEN,"GEMISCHTER CHOR (Anzahl Instrumente 1, Anzahl Spieler/-innen 0, Anzahl Stimmen 0)",,STRUBE VERLAG-GMBH,136758548,Originalverlag,E2,,21.33,20,33.33,40,GEMA,GEMA,-,-,"VOGT, EMANUEL",266446936,Komponist/-in,-,-
8257054-001,PSALM 143#1-11,1,Nein,Nein,T8018111359,,,01.06.2004,24.05.2024,,,00:03:33,-,-,WINDSBACHER PSALMEN,"GEMISCHTER CHOR (Anzahl Instrumente 1, Anzahl Spieler/-innen 0, Anzahl Stimmen 0)",,"VOGT, EMANUEL",266446936,Komponist/-in,,E2,42.67,60,42.67,60,GEMA,GEMA,-,-,-,-,-,-,-
8257054-001,PSALM 143#1-11,1,Nein,Nein,T8018111359,,,01.06.2004,24.05.2024,,,00:03:33,-,-,WINDSBACHER PSALMEN,"GEMISCHTER CHOR (Anzahl Instrumente 1, Anzahl Spieler/-innen 0, Anzahl Stimmen 0)",,DP,39657154,Textdichter/-in,,E1,24,0,24,0,DP,DP,-,-,-,-,-,-,-
8257054-001,PSALM 143#1-11,1,Nein,Nein,T8018111359,,,01.06.2004,24.05.2024,,,00:03:33,-,-,WINDSBACHER PSALMEN,"GEMISCHTER CHOR (Anzahl Instrumente 1, Anzahl Spieler/-innen 0, Anzahl Stimmen 0)",,STRUBE VERLAG-GMBH,136758548,Originalverlag,E1,,12,20,33.33,40,GEMA,GEMA,-,-,DP,39657154,Textdichter/-in,-,-
8257054-001,PSALM 143#1-11,1,Nein,Nein,T8018111359,,,01.06.2004,24.05.2024,,,00:03:33,-,-,WINDSBACHER PSALMEN,"GEMISCHTER CHOR (Anzahl Instrumente 1, Anzahl Spieler/-innen 0, Anzahl Stimmen 0)",,STRUBE VERLAG-GMBH,136758548,Originalverlag,E2,,21.33,20,33.33,40,GEMA,GEMA,-,-,"VOGT, EMANUEL",266446936,Komponist/-in,-,-
8257055-001,NUNC DIMITTIS NR.1 (LUC.2),1,Nein,Nein,T8018111326,,,01.06.2004,24.05.2024,,,00:02:00,-,-,WINDSBACHER PSALMEN,"GEMISCHTER CHOR (Anzahl Instrumente 1, Anzahl Spieler/-innen 0, Anzahl Stimmen 0)",,"VOGT, EMANUEL",266446936,Komponist/-in,,E2,42.67,60,42.67,60,GEMA,GEMA,-,-,-,-,-,-,-
8257055-001,NUNC DIMITTIS NR.1 (LUC.2),1,Nein,Nein,T8018111326,,,01.06.2004,24.05.2024,,,00:02:00,-,-,WINDSBACHER PSALMEN,"GEMISCHTER CHOR (Anzahl Instrumente 1, Anzahl Spieler/-innen 0, Anzahl Stimmen 0)",,DP,39657154,Textdichter/-in,,E1,24,0,24,0,DP,DP,-,-,-,-,-,-,-
8257055-001,NUNC DIMITTIS NR.1 (LUC.2),1,Nein,Nein,T8018111326,,,01.06.2004,24.05.2024,,,00:02:00,-,-,WINDSBACHER PSALMEN,"GEMISCHTER CHOR (Anzahl Instrumente 1, Anzahl Spieler/-innen 0, Anzahl Stimmen 0)",,STRUBE VERLAG-GMBH,136758548,Originalverlag,E1,,12,20,33.33,40,GEMA,GEMA,-,-,DP,39657154,Textdichter/-in,-,-
8257055-001,NUNC DIMITTIS NR.1 (LUC.2),1,Nein,Nein,T8018111326,,,01.06.2004,24.05.2024,,,00:02:00,-,-,WINDSBACHER PSALMEN,"GEMISCHTER CHOR (Anzahl Instrumente 1, Anzahl Spieler/-innen 0, Anzahl Stimmen 0)",,STRUBE VERLAG-GMBH,136758548,Originalverlag,E2,,21.33,20,33.33,40,GEMA,GEMA,-,-,"VOGT, EMANUEL",266446936,Komponist/-in,-,-
8257056-001,NUNC DIMITTIS NR.2 (LUC.2),1,Nein,Nein,T8018111291,,,01.06.2004,24.05.2024,,,00:02:05,-,-,WINDSBACHER PSALMEN,"GEMISCHTER CHOR (Anzahl Instrumente 1, Anzahl Spieler/-innen 0, Anzahl Stimmen 0)",,"VOGT, EMANUEL",266446936,Komponist/-in,,E2,42.67,60,42.67,60,GEMA,GEMA,-,-,-,-,-,-,-
8257056-001,NUNC DIMITTIS NR.2 (LUC.2),1,Nein,Nein,T8018111291,,,01.06.2004,24.05.2024,,,00:02:05,-,-,WINDSBACHER PSALMEN,"GEMISCHTER CHOR (Anzahl Instrumente 1, Anzahl Spieler/-innen 0, Anzahl Stimmen 0)",,DP,39657154,Textdichter/-in,,E1,24,0,24,0,DP,DP,-,-,-,-,-,-,-
8257056-001,NUNC DIMITTIS NR.2 (LUC.2),1,Nein,Nein,T8018111291,,,01.06.2004,24.05.2024,,,00:02:05,-,-,WINDSBACHER PSALMEN,"GEMISCHTER CHOR (Anzahl Instrumente 1, Anzahl Spieler/-innen 0, Anzahl Stimmen 0)",,STRUBE VERLAG-GMBH,136758548,Originalverlag,E1,,12,20,33.33,40,GEMA,GEMA,-,-,DP,39657154,Textdichter/-in,-,-
8257056-001,NUNC DIMITTIS NR.2 (LUC.2),1,Nein,Nein,T8018111291,,,01.06.2004,24.05.2024,,,00:02:05,-,-,WINDSBACHER PSALMEN,"GEMISCHTER CHOR (Anzahl Instrumente 1, Anzahl Spieler/-innen 0, Anzahl Stimmen 0)",,STRUBE VERLAG-GMBH,136758548,Originalverlag,E2,,21.33,20,33.33,40,GEMA,GEMA,-,-,"VOGT, EMANUEL",266446936,Komponist/-in,-,-
8257057-001,BENEDICTUS (LUC.1),1,Nein,Nein,T8018111279,,,01.06.2004,24.05.2024,,,00:04:15,-,-,WINDSBACHER PSALMEN,"GEMISCHTER CHOR (Anzahl Instrumente 1, Anzahl Spieler/-innen 0, Anzahl Stimmen 0)",,"VOGT, EMANUEL",266446936,Komponist/-in,,E2,42.67,60,42.67,60,GEMA,GEMA,-,-,-,-,-,-,-
8257057-001,BENEDICTUS (LUC.1),1,Nein,Nein,T8018111279,,,01.06.2004,24.05.2024,,,00:04:15,-,-,WINDSBACHER PSALMEN,"GEMISCHTER CHOR (Anzahl Instrumente 1, Anzahl Spieler/-innen 0, Anzahl Stimmen 0)",,DP,39657154,Textdichter/-in,,E1,24,0,24,0,DP,DP,-,-,-,-,-,-,-
8257057-001,BENEDICTUS (LUC.1),1,Nein,Nein,T8018111279,,,01.06.2004,24.05.2024,,,00:04:15,-,-,WINDSBACHER PSALMEN,"GEMISCHTER CHOR (Anzahl Instrumente 1, Anzahl Spieler/-innen 0, Anzahl Stimmen 0)",,STRUBE VERLAG-GMBH,136758548,Originalverlag,E1,,12,20,33.33,40,GEMA,GEMA,-,-,DP,39657154,Textdichter/-in,-,-
8257057-001,BENEDICTUS (LUC.1),1,Nein,Nein,T8018111279,,,01.06.2004,24.05.2024,,,00:04:15,-,-,WINDSBACHER PSALMEN,"GEMISCHTER CHOR (Anzahl Instrumente 1, Anzahl Spieler/-innen 0, Anzahl Stimmen 0)",,STRUBE VERLAG-GMBH,136758548,Originalverlag,E2,,21.33,20,33.33,40,GEMA,GEMA,-,-,"VOGT, EMANUEL",266446936,Komponist/-in,-,-
8257059-001,PSALM 19,1,Nein,Nein,T8018111257,,,01.06.2004,24.05.2024,,,00:02:10,-,-,WINDSBACHER PSALMEN,"GEMISCHTER CHOR (Anzahl Instrumente 1, Anzahl Spieler/-innen 0, Anzahl Stimmen 0)",,"VOGT, EMANUEL",266446936,Komponist/-in,,E1,42.67,30,42.67,30,GEMA,GEMA,-,-,-,-,-,-,-
8257059-001,PSALM 19,1,Nein,Nein,T8018111257,,,01.06.2004,24.05.2024,,,00:02:10,-,-,WINDSBACHER PSALMEN,"GEMISCHTER CHOR (Anzahl Instrumente 1, Anzahl Spieler/-innen 0, Anzahl Stimmen 0)",,"VOGT, EMANUEL",266446936,Textdichter/-in,,E2,24,30,24,30,GEMA,GEMA,-,-,-,-,-,-,-
8257059-001,PSALM 19,1,Nein,Nein,T8018111257,,,01.06.2004,24.05.2024,,,00:02:10,-,-,WINDSBACHER PSALMEN,"GEMISCHTER CHOR (Anzahl Instrumente 1, Anzahl Spieler/-innen 0, Anzahl Stimmen 0)",,STRUBE VERLAG-GMBH,136758548,Originalverlag,E1,,21.33,20,33.33,40,GEMA,GEMA,-,-,"VOGT, EMANUEL",266446936,Komponist/-in,-,-
8257059-001,PSALM 19,1,Nein,Nein,T8018111257,,,01.06.2004,24.05.2024,,,00:02:10,-,-,WINDSBACHER PSALMEN,"GEMISCHTER CHOR (Anzahl Instrumente 1, Anzahl Spieler/-innen 0, Anzahl Stimmen 0)",,STRUBE VERLAG-GMBH,136758548,Originalverlag,E2,,12,20,33.33,40,GEMA,GEMA,-,-,"VOGT, EMANUEL",266446936,Textdichter/-in,-,-
8257065-001,PSALM 96,1,Nein,Nein,T8018111155,,,01.06.2004,24.05.2024,,,00:02:15,-,-,WINDSBACHER PSALMEN,"GEMISCHTER CHOR (Anzahl Instrumente 1, Anzahl Spieler/-innen 0, Anzahl Stimmen 0)",,"VOGT, EMANUEL",266446936,Komponist/-in,,E1,42.67,30,42.67,30,GEMA,GEMA,-,-,-,-,-,-,-
8257065-001,PSALM 96,1,Nein,Nein,T8018111155,,,01.06.2004,24.05.2024,,,00:02:15,-,-,WINDSBACHER PSALMEN,"GEMISCHTER CHOR (Anzahl Instrumente 1, Anzahl Spieler/-innen 0, Anzahl Stimmen 0)",,"VOGT, EMANUEL",266446936,Textdichter/-in,,E2,24,30,24,30,GEMA,GEMA,-,-,-,-,-,-,-
8257065-001,PSALM 96,1,Nein,Nein,T8018111155,,,01.06.2004,24.05.2024,,,00:02:15,-,-,WINDSBACHER PSALMEN,"GEMISCHTER CHOR (Anzahl Instrumente 1, Anzahl Spieler/-innen 0, Anzahl Stimmen 0)",,STRUBE VERLAG-GMBH,136758548,Originalverlag,E1,,21.33,20,33.33,40,GEMA,GEMA,-,-,"VOGT, EMANUEL",266446936,Komponist/-in,-,-
8257065-001,PSALM 96,1,Nein,Nein,T8018111155,,,01.06.2004,24.05.2024,,,00:02:15,-,-,WINDSBACHER PSALMEN,"GEMISCHTER CHOR (Anzahl Instrumente 1, Anzahl Spieler/-innen 0, Anzahl Stimmen 0)",,STRUBE VERLAG-GMBH,136758548,Originalverlag,E2,,12,20,33.33,40,GEMA,GEMA,-,-,"VOGT, EMANUEL",266446936,Textdichter/-in,-,-
8257066-001,PSALM 102,1,Nein,Nein,T8018111133,,,01.06.2004,24.05.2024,,,00:02:50,-,-,WINDSBACHER PSALMEN,"GEMISCHTER CHOR (Anzahl Instrumente 1, Anzahl Spieler/-innen 0, Anzahl Stimmen 0)",,"VOGT, EMANUEL",266446936,Komponist/-in,,E1,42.67,30,42.67,30,GEMA,GEMA,-,-,-,-,-,-,-
8257066-001,PSALM 102,1,Nein,Nein,T8018111133,,,01.06.2004,24.05.2024,,,00:02:50,-,-,WINDSBACHER PSALMEN,"GEMISCHTER CHOR (Anzahl Instrumente 1, Anzahl Spieler/-innen 0, Anzahl Stimmen 0)",,"VOGT, EMANUEL",266446936,Textdichter/-in,,E2,24,30,24,30,GEMA,GEMA,-,-,-,-,-,-,-
8257066-001,PSALM 102,1,Nein,Nein,T8018111133,,,01.06.2004,24.05.2024,,,00:02:50,-,-,WINDSBACHER PSALMEN,"GEMISCHTER CHOR (Anzahl Instrumente 1, Anzahl Spieler/-innen 0, Anzahl Stimmen 0)",,STRUBE VERLAG-GMBH,136758548,Originalverlag,E1,,21.33,20,33.33,40,GEMA,GEMA,-,-,"VOGT, EMANUEL",266446936,Komponist/-in,-,-
8257066-001,PSALM 102,1,Nein,Nein,T8018111133,,,01.06.2004,24.05.2024,,,00:02:50,-,-,WINDSBACHER PSALMEN,"GEMISCHTER CHOR (Anzahl Instrumente 1, Anzahl Spieler/-innen 0, Anzahl Stimmen 0)",,STRUBE VERLAG-GMBH,136758548,Originalverlag,E2,,12,20,33.33,40,GEMA,GEMA,-,-,"VOGT, EMANUEL",266446936,Textdichter/-in,-,-
8257067-001,PSALM 149,1,Nein,Nein,T8018111111,,,01.06.2004,24.05.2024,,,00:02:23,-,-,WINDSBACHER PSALMEN,"GEMISCHTER CHOR (Anzahl Instrumente 1, Anzahl Spieler/-innen 0, Anzahl Stimmen 0)",,"VOGT, EMANUEL",266446936,Komponist/-in,,E1,42.67,30,42.67,30,GEMA,GEMA,-,-,-,-,-,-,-
8257067-001,PSALM 149,1,Nein,Nein,T8018111111,,,01.06.2004,24.05.2024,,,00:02:23,-,-,WINDSBACHER PSALMEN,"GEMISCHTER CHOR (Anzahl Instrumente 1, Anzahl Spieler/-innen 0, Anzahl Stimmen 0)",,"VOGT, EMANUEL",266446936,Textdichter/-in,,E2,24,30,24,30,GEMA,GEMA,-,-,-,-,-,-,-
8257067-001,PSALM 149,1,Nein,Nein,T8018111111,,,01.06.2004,24.05.2024,,,00:02:23,-,-,WINDSBACHER PSALMEN,"GEMISCHTER CHOR (Anzahl Instrumente 1, Anzahl Spieler/-innen 0, Anzahl Stimmen 0)",,STRUBE VERLAG-GMBH,136758548,Originalverlag,E1,,21.33,20,33.33,40,GEMA,GEMA,-,-,"VOGT, EMANUEL",266446936,Komponist/-in,-,-
8257067-001,PSALM 149,1,Nein,Nein,T8018111111,,,01.06.2004,24.05.2024,,,00:02:23,-,-,WINDSBACHER PSALMEN,"GEMISCHTER CHOR (Anzahl Instrumente 1, Anzahl Spieler/-innen 0, Anzahl Stimmen 0)",,STRUBE VERLAG-GMBH,136758548,Originalverlag,E2,,12,20,33.33,40,GEMA,GEMA,-,-,"VOGT, EMANUEL",266446936,Textdichter/-in,-,-
8257068-001,PSALM 148#1-4,1,Nein,Nein,T8018111097,,,01.06.2004,24.05.2024,,,00:02:33,-,-,WINDSBACHER PSALMEN,"GEMISCHTER CHOR (Anzahl Instrumente 1, Anzahl Spieler/-innen 0, Anzahl Stimmen 0)",,"VOGT, EMANUEL",266446936,Komponist/-in,,E1,42.67,30,42.67,30,GEMA,GEMA,-,-,-,-,-,-,-
8257068-001,PSALM 148#1-4,1,Nein,Nein,T8018111097,,,01.06.2004,24.05.2024,,,00:02:33,-,-,WINDSBACHER PSALMEN,"GEMISCHTER CHOR (Anzahl Instrumente 1, Anzahl Spieler/-innen 0, Anzahl Stimmen 0)",,"VOGT, EMANUEL",266446936,Textdichter/-in,,E2,24,30,24,30,GEMA,GEMA,-,-,-,-,-,-,-
8257068-001,PSALM 148#1-4,1,Nein,Nein,T8018111097,,,01.06.2004,24.05.2024,,,00:02:33,-,-,WINDSBACHER PSALMEN,"GEMISCHTER CHOR (Anzahl Instrumente 1, Anzahl Spieler/-innen 0, Anzahl Stimmen 0)",,STRUBE VERLAG-GMBH,136758548,Originalverlag,E1,,21.33,20,33.33,40,GEMA,GEMA,-,-,"VOGT, EMANUEL",266446936,Komponist/-in,-,-
8257068-001,PSALM 148#1-4,1,Nein,Nein,T8018111097,,,01.06.2004,24.05.2024,,,00:02:33,-,-,WINDSBACHER PSALMEN,"GEMISCHTER CHOR (Anzahl Instrumente 1, Anzahl Spieler/-innen 0, Anzahl Stimmen 0)",,STRUBE VERLAG-GMBH,136758548,Originalverlag,E2,,12,20,33.33,40,GEMA,GEMA,-,-,"VOGT, EMANUEL",266446936,Textdichter/-in,-,-
8257069-001,"PSALM 92#2, 6-9",1,Nein,Nein,T8018111064,,,01.06.2004,24.05.2024,,,00:02:15,-,-,WINDSBACHER PSALMEN,"GEMISCHTER CHOR (Anzahl Instrumente 1, Anzahl Spieler/-innen 0, Anzahl Stimmen 0)",,"VOGT, EMANUEL",266446936,Komponist/-in,,E1,42.67,30,42.67,30,GEMA,GEMA,-,-,-,-,-,-,-
8257069-001,"PSALM 92#2, 6-9",1,Nein,Nein,T8018111064,,,01.06.2004,24.05.2024,,,00:02:15,-,-,WINDSBACHER PSALMEN,"GEMISCHTER CHOR (Anzahl Instrumente 1, Anzahl Spieler/-innen 0, Anzahl Stimmen 0)",,"VOGT, EMANUEL",266446936,Textdichter/-in,,E2,24,30,24,30,GEMA,GEMA,-,-,-,-,-,-,-
8257069-001,"PSALM 92#2, 6-9",1,Nein,Nein,T8018111064,,,01.06.2004,24.05.2024,,,00:02:15,-,-,WINDSBACHER PSALMEN,"GEMISCHTER CHOR (Anzahl Instrumente 1, Anzahl Spieler/-innen 0, Anzahl Stimmen 0)",,STRUBE VERLAG-GMBH,136758548,Originalverlag,E1,,21.33,20,33.33,40,GEMA,GEMA,-,-,"VOGT, EMANUEL",266446936,Komponist/-in,-,-
8257069-001,"PSALM 92#2, 6-9",1,Nein,Nein,T8018111064,,,01.06.2004,24.05.2024,,,00:02:15,-,-,WINDSBACHER PSALMEN,"GEMISCHTER CHOR (Anzahl Instrumente 1, Anzahl Spieler/-innen 0, Anzahl Stimmen 0)",,STRUBE VERLAG-GMBH,136758548,Originalverlag,E2,,12,20,33.33,40,GEMA,GEMA,-,-,"VOGT, EMANUEL",266446936,Textdichter/-in,-,-
8688444-001,ARIA NORVEGICA,1,Nein,Nein,T8021832612,,,23.03.2005,24.05.2024,,PRAELUDIUM,00:00:40,-,-,,"ORGEL (Anzahl Instrumente 1, Anzahl Spieler/-innen 0, Anzahl Stimmen 0)",,"VOGT, EMANUEL",266446936,Komponist/-in,,,100,100,100,100,GEMA,GEMA,-,-,-,-,-,-,-
9172215-001,PRAELUDIUM UND FUGATO G-MOLL,1,Nein,Nein,T8023033640,,,27.01.2006,24.05.2024,,,00:01:30,-,-,ORGELBUCH FUER LANDORGANISTEN,"ORGEL (Anzahl Instrumente 1, Anzahl Spieler/-innen 0, Anzahl Stimmen 0)",,"VOGT, EMANUEL",266446936,Komponist/-in,,E1,66.67,60,66.67,60,GEMA,GEMA,-,-,-,-,-,-,-
9172215-001,PRAELUDIUM UND FUGATO G-MOLL,1,Nein,Nein,T8023033640,,,27.01.2006,24.05.2024,,,00:01:30,-,-,ORGELBUCH FUER LANDORGANISTEN,"ORGEL (Anzahl Instrumente 1, Anzahl Spieler/-innen 0, Anzahl Stimmen 0)",,STRUBE VERLAG-GMBH,136758548,Originalverlag,E1,,33.33,40,33.33,40,GEMA,GEMA,-,-,"VOGT, EMANUEL",266446936,Komponist/-in,-,-
