Unnamed: 0,Unnamed: 1,Unnamed: 2,Unnamed: 3,Unnamed: 4,Unnamed: 5,Unnamed: 6,Unnamed: 7,Unnamed: 8,Unnamed: 9,Unnamed: 10,Unnamed: 11,Unnamed: 12,Unnamed: 13,Unnamed: 14,Unnamed: 15,Unnamed: 16,Unnamed: 17,Unnamed: 18,Unnamed: 19
Angaben zur Werke-Produktion,,Beteiligte,,,,,,,,,,,,,Vertritt,,,,
Werknummer,Titel,Name,IP-Name-Nr.,Rolle,Reihenfolge Verlagsrollen,Urheber/-in-Verlagsbeziehung,AR-Anteil Detailansicht,VR-Anteil Detailansicht,AR-Anteil (kumuliert),VR-Anteil (kumuliert),Gesellschaft AR,Gesellschaft VR,AR streitig,VR streitig,Name,IP-Name-Nr.,Rolle,Schedule Number,Vereinbarungsnummer
858878-001,INTRADE,"VOGT, EMANUEL",266446936,Komponist/-in,,E1,66.67,60,66.67,60,GEMA,GEMA,-,-,-,-,-,-,-
858878-001,INTRADE,MERSEBURGER BERLIN VERLAG GMBH,20574120,Originalverlag,E1,,33.33,40,33.33,40,GEMA,GEMA,-,-,"VOGT, EMANUEL",266446936,Komponist/-in,-,-
977656-001,VORSPIEL D-MOLL,"VOGT, EMANUEL",266446936,Komponist/-in,,E1,66.67,60,66.67,60,GEMA,GEMA,-,-,-,-,-,-,-
977656-001,VORSPIEL D-MOLL,MERSEBURGER BERLIN VERLAG GMBH,20574120,Originalverlag,E1,,33.33,40,33.33,40,GEMA,GEMA,-,-,"VOGT, EMANUEL",266446936,Komponist/-in,-,-
977660-001,VORSPIEL E-DUR,"VOGT, EMANUEL",266446936,Komponist/-in,,E1,66.67,60,66.67,60,GEMA,GEMA,-,-,-,-,-,-,-
977660-001,VORSPIEL E-DUR,MERSEBURGER BERLIN VERLAG GMBH,20574120,Originalverlag,E1,,33.33,40,33.33,40,GEMA,GEMA,-,-,"VOGT, EMANUEL",266446936,Komponist/-in,-,-
977662-001,PRAELUDIUM E-MOLL,"VOGT, EMANUEL",266446936,Komponist/-in,,E1,66.67,60,66.67,60,GEMA,GEMA,-,-,-,-,-,-,-
977662-001,PRAELUDIUM E-MOLL,MERSEBURGER BERLIN VERLAG GMBH,20574120,Originalverlag,E1,,33.33,40,33.33,40,GEMA,GEMA,-,-,"VOGT, EMANUEL",266446936,Komponist/-in,-,-
977669-001,LENTO G-DUR,"VOGT, EMANUEL",266446936,Komponist/-in,,E1,66.67,60,66.67,60,GEMA,GEMA,-,-,-,-,-,-,-
977669-001,LENTO G-DUR,MERSEBURGER BERLIN VERLAG GMBH,20574120,Originalverlag,E1,,33.33,40,33.33,40,GEMA,GEMA,-,-,"VOGT, EMANUEL",266446936,Komponist/-in,-,-
977683-001,INTERMEZZO A-MOLL,"VOGT, EMANUEL",266446936,Komponist/-in,,E1,66.67,60,66.67,60,GEMA,GEMA,-,-,-,-,-,-,-
977683-001,INTERMEZZO A-MOLL,MERSEBURGER BERLIN VERLAG GMBH,20574120,Originalverlag,E1,,33.33,40,33.33,40,GEMA,GEMA,-,-,"VOGT, EMANUEL",266446936,Komponist/-in,-,-
977685-001,VORSPIEL H-MOLL,"VOGT, EMANUEL",266446936,Komponist/-in,,E1,66.67,60,66.67,60,GEMA,GEMA,-,-,-,-,-,-,-
977685-001,VORSPIEL H-MOLL,MERSEBURGER BERLIN VERLAG GMBH,20574120,Originalverlag,E1,,33.33,40,33.33,40,GEMA,GEMA,-,-,"VOGT, EMANUEL",266446936,Komponist/-in,-,-
1218027-003,GOTTES GEIST IN DIESER ZEIT,"PETZOLD, JOHANNES",24174508,Komponist/-in,,E2,37.12,25,37.12,25,GEMA,GEMA,-,-,-,-,-,-,-
1218027-003,GOTTES GEIST IN DIESER ZEIT,"VOGT, EMANUEL",266446936,Bearbeiter/-in,,,8.33,0,8.33,0,GEMA,,-,-,-,-,-,-,-
1218027-003,GOTTES GEIST IN DIESER ZEIT,"ANGER, ERHARD",1028749,Textdichter/-in,,E1,24,25,24,25,GEMA,GEMA,-,-,-,-,-,-,-
1218027-003,GOTTES GEIST IN DIESER ZEIT,DEUTSCHER VERLAG FUER MUSIK LEIPZIG GMBH,763776103,Originalverlag,E1,,12,25,30.55,50,GEMA,GEMA,-,-,"ANGER, ERHARD",1028749,Textdichter/-in,-,-
1218027-003,GOTTES GEIST IN DIESER ZEIT,DEUTSCHER VERLAG FUER MUSIK LEIPZIG GMBH,763776103,Originalverlag,E2,,18.55,25,30.55,50,GEMA,GEMA,-,-,"PETZOLD, JOHANNES",24174508,Komponist/-in,-,-
1474492-004,"O HERR, NIMM UNSRE SCHULD GL 168","LOTZ, HANS-GEORG",38856055,Komponist/-in,,E1,37.12,30,37.12,30,GEMA,GEMA,-,-,-,-,-,-,-
1474492-004,"O HERR, NIMM UNSRE SCHULD GL 168","VOGT, EMANUEL",266446936,Bearbeiter/-in,,,8.33,0,8.33,0,GEMA,,-,-,-,-,-,-,-
1474492-004,"O HERR, NIMM UNSRE SCHULD GL 168","LOTZ, HANS-GEORG",38856055,Textdichter/-in,,E2,24,30,24,30,GEMA,GEMA,-,-,-,-,-,-,-
1474492-004,"O HERR, NIMM UNSRE SCHULD GL 168",SINGENDE GEMEINDE,58520478,Originalverlag,E1,,18.55,20,30.55,40,,,-,-,"LOTZ, HANS-GEORG",38856055,Komponist/-in,-,-
1474492-004,"O HERR, NIMM UNSRE SCHULD GL 168",SINGENDE GEMEINDE,58520478,Originalverlag,E2,,12,20,30.55,40,,,-,-,"LOTZ, HANS-GEORG",38856055,Textdichter/-in,-,-
1563478-001,WENN MEIN STUENDLEIN VORHANDEN IST,"VOGT, EMANUEL",266446936,Komponist/-in,,E1,66.67,60,66.67,60,GEMA,GEMA,-,-,-,-,-,-,-
1563478-001,WENN MEIN STUENDLEIN VORHANDEN IST,EDITION THOMI-BERG,1150061610,Originalverlag,E1,,33.33,40,33.33,40,GEMA,GEMA,-,-,"VOGT, EMANUEL",266446936,Komponist/-in,-,-
1563512-001,"CHRISTE, DU BIST DER HELLE TAG","VOGT, EMANUEL",266446936,Komponist/-in,,E1,66.67,60,66.67,60,GEMA,GEMA,-,-,-,-,-,-,-
1563512-001,"CHRISTE, DU BIST DER HELLE TAG",EDITION THOMI-BERG,1150061610,Originalverlag,E1,,33.33,40,33.33,40,GEMA,GEMA,-,-,"VOGT, EMANUEL",266446936,Komponist/-in,-,-
2071563-002,"HORCH, WIE DIE SCHAR DER ENGEL SINGT",DP,39657154,Komponist/-in,,,25.6,0,25.6,0,DP,DP,-,-,-,-,-,-,-
2071563-002,"HORCH, WIE DIE SCHAR DER ENGEL SINGT","VOGT, EMANUEL",266446936,Bearbeiter/-in,,E2,17.07,60,17.07,60,GEMA,GEMA,-,-,-,-,-,-,-
2071563-002,"HORCH, WIE DIE SCHAR DER ENGEL SINGT",DP,39657154,Textdichter/-in,,E1,24,0,24,0,DP,DP,-,-,-,-,-,-,-
2071563-002,"HORCH, WIE DIE SCHAR DER ENGEL SINGT",SAALECK-VERLAG INH PROF KILIAN MORITZ,1300200940,Originalverlag,E1,,12,20,33.33,40,GEMA,GEMA,-,-,DP,39657154,Textdichter/-in,-,-
2071563-002,"HORCH, WIE DIE SCHAR DER ENGEL SINGT",SAALECK-VERLAG INH PROF KILIAN MORITZ,1300200940,Originalverlag,E2,,21.33,20,33.33,40,GEMA,GEMA,-,-,"VOGT, EMANUEL",266446936,Bearbeiter/-in,-,-
2071564-002,EINE GROSSE FREUD VERKUEND ICH EUCH,DP,39657154,Komponist/-in,,,25.6,0,25.6,0,DP,DP,-,-,-,-,-,-,-
2071564-002,EINE GROSSE FREUD VERKUEND ICH EUCH,"VOGT, EMANUEL",266446936,Bearbeiter/-in,,E2,17.07,60,17.07,60,GEMA,GEMA,-,-,-,-,-,-,-
2071564-002,EINE GROSSE FREUD VERKUEND ICH EUCH,DP,39657154,Textdichter/-in,,E1,24,0,24,0,DP,DP,-,-,-,-,-,-,-
2071564-002,EINE GROSSE FREUD VERKUEND ICH EUCH,SAALECK-VERLAG INH PROF KILIAN MORITZ,1300200940,Originalverlag,E1,,12,20,33.33,40,GEMA,GEMA,-,-,DP,39657154,Textdichter/-in,-,-
2071564-002,EINE GROSSE FREUD VERKUEND ICH EUCH,SAALECK-VERLAG INH PROF KILIAN MORITZ,1300200940,Originalverlag,E2,,21.33,20,33.33,40,GEMA,GEMA,-,-,"VOGT, EMANUEL",266446936,Bearbeiter/-in,-,-
2245730-001,MESSE,"VOGT, EMANUEL",266446936,Komponist/-in,,E2,42.67,60,42.67,60,GEMA,GEMA,-,-,-,-,-,-,-
2245730-001,MESSE,DP,39657154,Textdichter/-in,,E1,24,0,24,0,DP,DP,-,-,-,-,-,-,-
2245730-001,MESSE,ARENDS PAUL C R VERLAG OHG,473089436,Originalverlag,E1,,12,20,33.33,40,GEMA,GEMA,-,-,DP,39657154,Textdichter/-in,-,-
2245730-001,MESSE,ARENDS PAUL C R VERLAG OHG,473089436,Originalverlag,E2,,21.33,20,33.33,40,GEMA,GEMA,-,-,"VOGT, EMANUEL",266446936,Komponist/-in,-,-
2816644-001,NEUENDETTELSAUER INTRADE,"VOGT, EMANUEL",266446936,Komponist/-in,,E1,66.67,60,66.67,60,GEMA,GEMA,-,-,-,-,-,-,-
2816644-001,NEUENDETTELSAUER INTRADE,BUND CHRISTLICHER POSAUNENCHOERE DEUTSCHLANDS,4562512,Originalverlag,E1,,33.33,40,33.33,40,GEMA,GEMA,-,-,"VOGT, EMANUEL",266446936,Komponist/-in,-,-
2944286-001,ALS DIE WELT VERLOREN,"VOGT, EMANUEL",266446936,Komponist/-in,,E1,66.67,60,66.67,60,GEMA,GEMA,-,-,-,-,-,-,-
2944286-001,ALS DIE WELT VERLOREN,BREITKOPF & HAERTEL KG,852149827,Originalverlag,E1,,33.33,40,33.33,40,GEMA,GEMA,-,-,"VOGT, EMANUEL",266446936,Komponist/-in,-,-
2944289-001,DAS IST KOESTLICH,"VOGT, EMANUEL",266446936,Komponist/-in,,E1,66.67,60,66.67,60,GEMA,GEMA,-,-,-,-,-,-,-
2944289-001,DAS IST KOESTLICH,BREITKOPF & HAERTEL KG,852149827,Originalverlag,E1,,33.33,40,33.33,40,GEMA,GEMA,-,-,"VOGT, EMANUEL",266446936,Komponist/-in,-,-
2944291-001,DEIN KOENIG KOMMT,"VOGT, EMANUEL",266446936,Komponist/-in,,E1,66.67,60,66.67,60,GEMA,GEMA,-,-,-,-,-,-,-
2944291-001,DEIN KOENIG KOMMT,BREITKOPF & HAERTEL KG,852149827,Originalverlag,E1,,33.33,40,33.33,40,GEMA,GEMA,-,-,"VOGT, EMANUEL",266446936,Komponist/-in,-,-
2944293-001,"ER IST ERSTANDEN, HALLELUJA","VOGT, EMANUEL",266446936,Komponist/-in,,E1,66.67,60,66.67,60,GEMA,GEMA,-,-,-,-,-,-,-
2944293-001,"ER IST ERSTANDEN, HALLELUJA",BREITKOPF & HAERTEL KG,852149827,Originalverlag,E1,,33.33,40,33.33,40,GEMA,GEMA,-,-,"VOGT, EMANUEL",266446936,Komponist/-in,-,-
2944295-001,GOTT SEI DANK DURCH ALLE WELT,"VOGT, EMANUEL",266446936,Komponist/-in,,E1,66.67,60,66.67,60,GEMA,GEMA,-,-,-,-,-,-,-
2944295-001,GOTT SEI DANK DURCH ALLE WELT,BREITKOPF & HAERTEL KG,852149827,Originalverlag,E1,,33.33,40,33.33,40,GEMA,GEMA,-,-,"VOGT, EMANUEL",266446936,Komponist/-in,-,-
3259498-001,VALET WILL ICH DIR GEBEN EG 523,"VOGT, EMANUEL",266446936,Komponist/-in,,E1,66.67,60,66.67,60,GEMA,GEMA,-,-,-,-,-,-,-
3259498-001,VALET WILL ICH DIR GEBEN EG 523,BREITKOPF & HAERTEL KG,852149827,Originalverlag,E1,,33.33,40,33.33,40,GEMA,GEMA,-,-,"VOGT, EMANUEL",266446936,Komponist/-in,-,-
3259500-001,WENN MEIN STUENDLEIN VORHANDEN IST EG 522,"VOGT, EMANUEL",266446936,Komponist/-in,,E1,66.67,60,66.67,60,GEMA,GEMA,-,-,-,-,-,-,-
3259500-001,WENN MEIN STUENDLEIN VORHANDEN IST EG 522,BREITKOPF & HAERTEL KG,852149827,Originalverlag,E1,,33.33,40,33.33,40,GEMA,GEMA,-,-,"VOGT, EMANUEL",266446936,Komponist/-in,-,-
3259501-001,WIR PFLUEGEN UND WIR STREUEN EG 508,"VOGT, EMANUEL",266446936,Komponist/-in,,E1,66.67,60,66.67,60,GEMA,GEMA,-,-,-,-,-,-,-
3259501-001,WIR PFLUEGEN UND WIR STREUEN EG 508,BREITKOPF & HAERTEL KG,852149827,Originalverlag,E1,,33.33,40,33.33,40,GEMA,GEMA,-,-,"VOGT, EMANUEL",266446936,Komponist/-in,-,-
3259502-001,"HIMMEL, ERDE, LUFT UND MEER EG 504","VOGT, EMANUEL",266446936,Komponist/-in,,E1,66.67,60,66.67,60,GEMA,GEMA,-,-,-,-,-,-,-
3259502-001,"HIMMEL, ERDE, LUFT UND MEER EG 504",BREITKOPF & HAERTEL KG,852149827,Originalverlag,E1,,33.33,40,33.33,40,GEMA,GEMA,-,-,"VOGT, EMANUEL",266446936,Komponist/-in,-,-
3259504-001,DU HOECHSTES LICHT EG 441,"VOGT, EMANUEL",266446936,Komponist/-in,,E1,66.67,60,66.67,60,GEMA,GEMA,-,-,-,-,-,-,-
3259504-001,DU HOECHSTES LICHT EG 441,BREITKOPF & HAERTEL KG,852149827,Originalverlag,E1,,33.33,40,33.33,40,GEMA,GEMA,-,-,"VOGT, EMANUEL",266446936,Komponist/-in,-,-
3259505-001,WENN WIR IN HOECHSTEN NOETEN SEIN EG 366,"VOGT, EMANUEL",266446936,Komponist/-in,,E1,66.67,60,66.67,60,GEMA,GEMA,-,-,-,-,-,-,-
3259505-001,WENN WIR IN HOECHSTEN NOETEN SEIN EG 366,BREITKOPF & HAERTEL KG,852149827,Originalverlag,E1,,33.33,40,33.33,40,GEMA,GEMA,-,-,"VOGT, EMANUEL",266446936,Komponist/-in,-,-
4338475-001,INTROITUS-PSALM 23,"VOGT, EMANUEL",266446936,Komponist/-in,,,64,100,64,100,GEMA,GEMA,-,-,-,-,-,-,-
4338475-001,INTROITUS-PSALM 23,"LUTHER, MARTIN",18790860,Textdichter/-in,,,36,0,36,0,DP,DP,-,-,-,-,-,-,-
4346458-001,WINDSBACHER PSALMEN,"VOGT, EMANUEL",266446936,Komponist/-in,,E2,42.67,30,42.67,30,GEMA,GEMA,-,-,-,-,-,-,-
4346458-001,WINDSBACHER PSALMEN,DP,39657154,Textdichter/-in,,E1,12,15,12,15,DP,DP,-,-,-,-,-,-,-
4346458-001,WINDSBACHER PSALMEN,"VOGT, EMANUEL",266446936,Textdichter/-in,,E3,12,15,12,15,GEMA,GEMA,-,-,-,-,-,-,-
4346458-001,WINDSBACHER PSALMEN,STRUBE VERLAG-GMBH,136758548,Originalverlag,E1,,6,10,33.33,40,GEMA,GEMA,-,-,DP,39657154,Textdichter/-in,-,-
4346458-001,WINDSBACHER PSALMEN,STRUBE VERLAG-GMBH,136758548,Originalverlag,E2,,21.33,20,33.33,40,GEMA,GEMA,-,-,"VOGT, EMANUEL",266446936,Komponist/-in,-,-
4346458-001,WINDSBACHER PSALMEN,STRUBE VERLAG-GMBH,136758548,Originalverlag,E3,,6,10,33.33,40,GEMA,GEMA,-,-,"VOGT, EMANUEL",266446936,Textdichter/-in,-,-
4346460-001,WINDSBACHER PSALMEN,"VOGT, EMANUEL",266446936,Komponist/-in,,,100,100,100,100,GEMA,GEMA,-,-,-,-,-,-,-
4365391-002,ERSTANDEN IST DER HEILIGE CHRIST,DP,39657154,Komponist/-in,,,40,0,40,0,DP,DP,-,-,-,-,-,-,-
4365391-002,ERSTANDEN IST DER HEILIGE CHRIST,"VOGT, EMANUEL",266446936,Bearbeiter/-in,,E1,26.67,60,26.67,60,GEMA,GEMA,-,-,-,-,-,-,-
4365391-002,ERSTANDEN IST DER HEILIGE CHRIST,STRUBE VERLAG-GMBH,136758548,Originalverlag,E1,,33.33,40,33.33,40,GEMA,GEMA,-,-,"VOGT, EMANUEL",266446936,Bearbeiter/-in,-,-
4365402-002,IM FRIEDEN DEIN,DP,39657154,Komponist/-in,,,40,0,40,0,DP,DP,-,-,-,-,-,-,-
4365402-002,IM FRIEDEN DEIN,"VOGT, EMANUEL",266446936,Bearbeiter/-in,,E1,26.67,60,26.67,60,GEMA,GEMA,-,-,-,-,-,-,-
4365402-002,IM FRIEDEN DEIN,STRUBE VERLAG-GMBH,136758548,Originalverlag,E1,,33.33,40,33.33,40,GEMA,GEMA,-,-,"VOGT, EMANUEL",266446936,Bearbeiter/-in,-,-
4365403-001,"KOMM, HEILGER GEIST, MIT DEINER KRAFT",DP,39657154,Komponist/-in,,E1,33.33,0,33.33,0,DP,DP,-,-,-,-,-,-,-
4365403-001,"KOMM, HEILGER GEIST, MIT DEINER KRAFT","VOGT, EMANUEL",266446936,Komponist/-in,,E2,33.34,60,33.34,60,GEMA,GEMA,-,-,-,-,-,-,-
4365403-001,"KOMM, HEILGER GEIST, MIT DEINER KRAFT",STRUBE VERLAG-GMBH,136758548,Originalverlag,E1,,16.66,0,33.33,40,GEMA,GEMA,-,-,DP,39657154,Komponist/-in,-,-
4365403-001,"KOMM, HEILGER GEIST, MIT DEINER KRAFT",STRUBE VERLAG-GMBH,136758548,Originalverlag,E2,,16.67,40,33.33,40,GEMA,GEMA,-,-,"VOGT, EMANUEL",266446936,Komponist/-in,-,-
4365406-001,"KOMM ZU UNS, HEILGER GEIST",DP,39657154,Komponist/-in,,E1,33.33,0,33.33,0,DP,DP,-,-,-,-,-,-,-
4365406-001,"KOMM ZU UNS, HEILGER GEIST","VOGT, EMANUEL",266446936,Komponist/-in,,E2,33.34,60,33.34,60,GEMA,GEMA,-,-,-,-,-,-,-
4365406-001,"KOMM ZU UNS, HEILGER GEIST",STRUBE VERLAG-GMBH,136758548,Originalverlag,E1,,16.66,0,33.33,40,GEMA,GEMA,-,-,DP,39657154,Komponist/-in,-,-
4365406-001,"KOMM ZU UNS, HEILGER GEIST",STRUBE VERLAG-GMBH,136758548,Originalverlag,E2,,16.67,40,33.33,40,GEMA,GEMA,-,-,"VOGT, EMANUEL",266446936,Komponist/-in,-,-
4365407-002,"MUEDE BIN ICH, GEH ZUR RUH",DP,39657154,Komponist/-in,,,40,0,40,0,DP,DP,-,-,-,-,-,-,-
4365407-002,"MUEDE BIN ICH, GEH ZUR RUH","VOGT, EMANUEL",266446936,Bearbeiter/-in,,E1,26.67,60,26.67,60,GEMA,GEMA,-,-,-,-,-,-,-
4365407-002,"MUEDE BIN ICH, GEH ZUR RUH",STRUBE VERLAG-GMBH,136758548,Originalverlag,E1,,33.33,40,33.33,40,GEMA,GEMA,-,-,"VOGT, EMANUEL",266446936,Bearbeiter/-in,-,-
4365409-001,STILLE NACHT,"VOGT, EMANUEL",266446936,Komponist/-in,,E1,66.67,60,66.67,60,GEMA,GEMA,-,-,-,-,-,-,-
4365409-001,STILLE NACHT,STRUBE VERLAG-GMBH,136758548,Originalverlag,E1,,33.33,40,33.33,40,GEMA,GEMA,-,-,"VOGT, EMANUEL",266446936,Komponist/-in,-,-
4365417-002,TRAUNSTEINER ORGELBUCH,DP,39657154,Komponist/-in,,,40,0,40,0,DP,DP,-,-,-,-,-,-,-
4365417-002,TRAUNSTEINER ORGELBUCH,"VOGT, EMANUEL",266446936,Bearbeiter/-in,,E1,26.67,60,26.67,60,GEMA,GEMA,-,-,-,-,-,-,-
4365417-002,TRAUNSTEINER ORGELBUCH,STRUBE VERLAG-GMBH,136758548,Originalverlag,E1,,33.33,40,33.33,40,GEMA,GEMA,-,-,"VOGT, EMANUEL",266446936,Bearbeiter/-in,-,-
4365418-001,NORWEGISCHE INTRADE,"VOGT, EMANUEL",266446936,Komponist/-in,,E1,66.67,60,66.67,60,GEMA,GEMA,-,-,-,-,-,-,-
4365418-001,NORWEGISCHE INTRADE,STRUBE VERLAG-GMBH,136758548,Originalverlag,E1,,33.33,40,33.33,40,GEMA,GEMA,-,-,"VOGT, EMANUEL",266446936,Komponist/-in,-,-
4448175-001,SCHWABACHER TURM-MUSIK NR.1,"VOGT, EMANUEL",266446936,Komponist/-in,,,100,100,100,100,GEMA,GEMA,-,-,-,-,-,-,-
4448309-001,BLAESER-INTRADE,"VOGT, EMANUEL",266446936,Komponist/-in,,E1,66.67,60,66.67,60,GEMA,GEMA,-,-,-,-,-,-,-
4448309-001,BLAESER-INTRADE,STRUBE VERLAG-GMBH,136758548,Originalverlag,E1,,33.33,40,33.33,40,GEMA,GEMA,-,-,"VOGT, EMANUEL",266446936,Komponist/-in,-,-
4448313-001,PSALM 42:WIE DER HIRSCH LECHZT,"VOGT, EMANUEL",266446936,Komponist/-in,,E2,42.67,30,42.67,30,GEMA,GEMA,-,-,-,-,-,-,-
4448313-001,PSALM 42:WIE DER HIRSCH LECHZT,"ECKERT, EUGEN",213953087,Textdichter/-in,,E1,24,30,24,30,GEMA,GEMA,-,-,-,-,-,-,-
4448313-001,PSALM 42:WIE DER HIRSCH LECHZT,STRUBE VERLAG-GMBH,136758548,Originalverlag,E1,,12,20,33.33,40,GEMA,GEMA,-,-,"ECKERT, EUGEN",213953087,Textdichter/-in,-,-
4448313-001,PSALM 42:WIE DER HIRSCH LECHZT,STRUBE VERLAG-GMBH,136758548,Originalverlag,E2,,21.33,20,33.33,40,GEMA,GEMA,-,-,"VOGT, EMANUEL",266446936,Komponist/-in,-,-
4455594-001,INTRADE IN G,"VOGT, EMANUEL",266446936,Komponist/-in,,,100,100,100,100,GEMA,GEMA,-,-,-,-,-,-,-
4457264-001,INTERLUDIUM FUER ORGEL,"VOGT, EMANUEL",266446936,Komponist/-in,,E1,66.67,60,66.67,60,GEMA,GEMA,-,-,-,-,-,-,-
4457264-001,INTERLUDIUM FUER ORGEL,STRUBE VERLAG-GMBH,136758548,Originalverlag,E1,,33.33,40,33.33,40,GEMA,GEMA,-,-,"VOGT, EMANUEL",266446936,Komponist/-in,-,-
4457265-002,INTERLUDIUM FUER ORGEL,"FRANCK, JOHANNES",10713340,Komponist/-in,,,25.6,0,25.6,0,DP,DP,-,-,-,-,-,-,-
4457265-002,INTERLUDIUM FUER ORGEL,"VOGT, EMANUEL",266446936,Bearbeiter/-in,,E2,17.07,60,17.07,60,GEMA,GEMA,-,-,-,-,-,-,-
4457265-002,INTERLUDIUM FUER ORGEL,"FRANCK, JOHANNES",10713340,Textdichter/-in,,E1,24,0,24,0,DP,DP,-,-,-,-,-,-,-
4457265-002,INTERLUDIUM FUER ORGEL,STRUBE VERLAG-GMBH,136758548,Originalverlag,E1,,12,20,33.33,40,GEMA,GEMA,-,-,"FRANCK, JOHANNES",10713340,Textdichter/-in,-,-
4457265-002,INTERLUDIUM FUER ORGEL,STRUBE VERLAG-GMBH,136758548,Originalverlag,E2,,21.33,20,33.33,40,GEMA,GEMA,-,-,"VOGT, EMANUEL",266446936,Bearbeiter/-in,-,-
4476863-001,FREUET EUCH DES HERRN,"VOGT, EMANUEL",266446936,Komponist/-in,,,64,100,64,100,GEMA,GEMA,-,-,-,-,-,-,-
4476863-001,FREUET EUCH DES HERRN,"LUTHER, MARTIN",18790860,Textdichter/-in,,,36,0,36,0,DP,DP,-,-,-,-,-,-,-
4478229-002,NUERNBERGER KRIPPENLIED,DP,39657154,Komponist/-in,,,38.4,0,38.4,0,DP,DP,-,-,-,-,-,-,-
4478229-002,NUERNBERGER KRIPPENLIED,"VOGT, EMANUEL",266446936,Bearbeiter/-in,,,25.6,100,25.6,100,GEMA,GEMA,-,-,-,-,-,-,-
4478229-002,NUERNBERGER KRIPPENLIED,DP,39657154,Textdichter/-in,,,36,0,36,0,DP,DP,-,-,-,-,-,-,-
4478249-001,NOEL NR.10,"VOGT, EMANUEL",266446936,Komponist/-in,,E1,66.67,60,66.67,60,GEMA,GEMA,-,-,-,-,-,-,-
4478249-001,NOEL NR.10,STRUBE VERLAG-GMBH,136758548,Originalverlag,E1,,33.33,40,33.33,40,GEMA,GEMA,-,-,"VOGT, EMANUEL",266446936,Komponist/-in,-,-
4503989-002,"O KOMM, O KOMM DU MORGENSTERN",DP,39657154,Komponist/-in,,,38.4,0,38.4,0,DP,DP,-,-,-,-,-,-,-
4503989-002,"O KOMM, O KOMM DU MORGENSTERN","VOGT, EMANUEL",266446936,Bearbeiter/-in,,,25.6,50,25.6,50,GEMA,GEMA,-,-,-,-,-,-,-
4503989-002,"O KOMM, O KOMM DU MORGENSTERN",DP,39657154,Textdichter/-in,,,21.6,0,21.6,0,DP,DP,-,-,-,-,-,-,-
4503989-002,"O KOMM, O KOMM DU MORGENSTERN","SCHULZ, OTMAR",234643282,Spezialtextdichter/-in,,,14.4,50,14.4,50,GEMA,GEMA,-,-,-,-,-,-,-
4531249-001,"GEH AUS, MEIN HERZ","VOGT, EMANUEL",266446936,Komponist/-in,,,64,100,64,100,GEMA,GEMA,-,-,-,-,-,-,-
4531249-001,"GEH AUS, MEIN HERZ","GERHARDT, PAUL",11700347,Textdichter/-in,,,36,0,36,0,DP,DP,-,-,-,-,-,-,-
4531250-001,TRITT HIN ANS KREUZ,"VOGT, EMANUEL",266446936,Komponist/-in,,E2,42.67,30,42.67,30,GEMA,GEMA,-,-,-,-,-,-,-
4531250-001,TRITT HIN ANS KREUZ,"BLOCK, DETLEV",60342512,Textdichter/-in,,E1,24,30,24,30,,,-,-,-,-,-,-,-
4531250-001,TRITT HIN ANS KREUZ,EVANGELISCHER SAENGERBUND,58339163,Originalverlag,E1,,12,20,33.33,40,,,-,-,"BLOCK, DETLEV",60342512,Textdichter/-in,-,-
4531250-001,TRITT HIN ANS KREUZ,EVANGELISCHER SAENGERBUND,58339163,Originalverlag,E2,,21.33,20,33.33,40,,,-,-,"VOGT, EMANUEL",266446936,Komponist/-in,-,-
4534827-001,JAHRES-LOSUNG,"VOGT, EMANUEL",266446936,Komponist/-in,,,64,100,64,100,GEMA,GEMA,-,-,-,-,-,-,-
4534827-001,JAHRES-LOSUNG,DP,39657154,Textdichter/-in,,,36,0,36,0,DP,DP,-,-,-,-,-,-,-
4759304-002,GUTER MOND,DP,39657154,Komponist/-in,,,38.4,0,38.4,0,DP,DP,-,-,-,-,-,-,-
4759304-002,GUTER MOND,"VOGT, EMANUEL",266446936,Bearbeiter/-in,,,25.6,100,25.6,100,GEMA,GEMA,-,-,-,-,-,-,-
4759304-002,GUTER MOND,DP,39657154,Textdichter/-in,,,36,0,36,0,DP,DP,-,-,-,-,-,-,-
4796735-001,O FREUDENREICHES OSTERFEST,"VOGT, EMANUEL",266446936,Komponist/-in,,,64,50,64,50,GEMA,GEMA,-,-,-,-,-,-,-
4796735-001,O FREUDENREICHES OSTERFEST,"NENZEL, EMANUEL",,Textdichter/-in,,,36,50,36,50,,,-,-,-,-,-,-,-
4796736-001,"HOER, SO SINGEN ENGELCHOER","VOGT, EMANUEL",266446936,Komponist/-in,,,64,50,64,50,GEMA,GEMA,-,-,-,-,-,-,-
4796736-001,"HOER, SO SINGEN ENGELCHOER","SCHROEDER, RUDOLF ALEXANDER",28064986,Textdichter/-in,,,36,50,36,50,GEMA,GEMA,-,-,-,-,-,-,-
4796737-001,IN DEINE HAENDE BEFEHLE ICH MEINEN GEIST,"VOGT, EMANUEL",266446936,Komponist/-in,,,64,100,64,100,GEMA,GEMA,-,-,-,-,-,-,-
4796737-001,IN DEINE HAENDE BEFEHLE ICH MEINEN GEIST,"LUTHER, MARTIN",18790860,Textdichter/-in,,,36,0,36,0,DP,DP,-,-,-,-,-,-,-
4796738-002,ES IST ADVENT,DP,39657154,Komponist/-in,,,38.4,0,38.4,0,DP,DP,-,-,-,-,-,-,-
4796738-002,ES IST ADVENT,"VOGT, EMANUEL",266446936,Bearbeiter/-in,,,25.6,100,25.6,100,GEMA,GEMA,-,-,-,-,-,-,-
4796738-002,ES IST ADVENT,DP,39657154,Textdichter/-in,,,36,0,36,0,DP,DP,-,-,-,-,-,-,-
4796738-003,ES IST ADVENT,DP,39657154,Komponist/-in,,,38.4,0,38.4,0,DP,DP,-,-,-,-,-,-,-
4796738-003,ES IST ADVENT,"VOGT, EMANUEL",266446936,Bearbeiter/-in,,,12.8,0,12.8,0,GEMA,,-,-,-,-,-,-,-
4796738-003,ES IST ADVENT,"VOGT, EMANUEL",266446936,Bearbeiter/-in,,,12.8,100,12.8,100,GEMA,GEMA,-,-,-,-,-,-,-
4796738-003,ES IST ADVENT,DP,39657154,Textdichter/-in,,,36,0,36,0,DP,DP,-,-,-,-,-,-,-
4796739-001,"NUN WERDE HELL, DU DUNKLE WELT","VOGT, EMANUEL",266446936,Komponist/-in,,,64,50,64,50,GEMA,GEMA,-,-,-,-,-,-,-
4796739-001,"NUN WERDE HELL, DU DUNKLE WELT","WIEMER, RUDOLF OTTO",61069887,Textdichter/-in,,,36,50,36,50,GEMA,GEMA,-,-,-,-,-,-,-
4796739-002,"NUN WERDE HELL, DU DUNKLE WELT","VOGT, EMANUEL",266446936,Komponist/-in,,,64,50,64,50,GEMA,GEMA,-,-,-,-,-,-,-
4796739-002,"NUN WERDE HELL, DU DUNKLE WELT","WIEMER, RUDOLF OTTO",61069887,Textdichter/-in,,,36,50,36,50,GEMA,GEMA,-,-,-,-,-,-,-
4799697-002,"O COME, O COME EMMANUEL",DP,39657154,Komponist/-in,,,38.4,0,38.4,0,DP,DP,-,-,-,-,-,-,-
4799697-002,"O COME, O COME EMMANUEL","VOGT, EMANUEL",266446936,Bearbeiter/-in,,,25.6,100,25.6,100,GEMA,GEMA,-,-,-,-,-,-,-
4799697-002,"O COME, O COME EMMANUEL","NEALE, JOHN M",22127335,Textdichter/-in,,,36,0,36,0,DP,DP,-,-,-,-,-,-,-
4799703-001,DIE HIMMEL ERZAEHLEN DIE EHRE GOTTES,"VOGT, EMANUEL",266446936,Komponist/-in,,,64,100,64,100,GEMA,GEMA,-,-,-,-,-,-,-
4799703-001,DIE HIMMEL ERZAEHLEN DIE EHRE GOTTES,DP,39657154,Textdichter/-in,,,36,0,36,0,DP,DP,-,-,-,-,-,-,-
4841173-001,ZEIT ZUM LEBEN,"VOGT, EMANUEL",266446936,Komponist/-in,,,64,50,64,50,GEMA,GEMA,-,-,-,-,-,-,-
4841173-001,ZEIT ZUM LEBEN,"MICHLER, ELLI",249617539,Textdichter/-in,,,36,50,36,50,GEMA,GEMA,-,-,-,-,-,-,-
4841173-002,ZEIT ZUM LEBEN,"VOGT, EMANUEL",266446936,Komponist/-in,,,64,50,64,50,GEMA,GEMA,-,-,-,-,-,-,-
4841173-002,ZEIT ZUM LEBEN,"MICHLER, ELLI",249617539,Textdichter/-in,,,36,50,36,50,GEMA,GEMA,-,-,-,-,-,-,-
4912161-001,ZU WELCHEM ZIEL REISST UNS DIE ZEIT NOCH HIN,"VOGT, EMANUEL",266446936,Komponist/-in,,,64,50,64,50,GEMA,GEMA,-,-,-,-,-,-,-
4912161-001,ZU WELCHEM ZIEL REISST UNS DIE ZEIT NOCH HIN,"LEHNDORFF GRAF VON, HANS",661218362,Textdichter/-in,,,36,50,36,50,,,-,-,-,-,-,-,-
5027474-001,WINDSBACHER PSALMEN,"VOGT, EMANUEL",266446936,Komponist/-in,,,64,100,64,100,GEMA,GEMA,-,-,-,-,-,-,-
5027474-001,WINDSBACHER PSALMEN,DP,39657154,Textdichter/-in,,,36,0,36,0,DP,DP,-,-,-,-,-,-,-
5159501-001,ADVENTS-INTRADE 'MACHT HOCH DIE TUER',"VOGT, EMANUEL",266446936,Komponist/-in,,E1,66.67,60,66.67,60,GEMA,GEMA,-,-,-,-,-,-,-
5159501-001,ADVENTS-INTRADE 'MACHT HOCH DIE TUER',BUND CHRISTLICHER POSAUNENCHOERE DEUTSCHLANDS,4562512,Originalverlag,E1,,33.33,40,33.33,40,GEMA,GEMA,-,-,"VOGT, EMANUEL",266446936,Komponist/-in,-,-
5189607-001,NUNC DIMTTIS,"VOGT, EMANUEL",266446936,Komponist/-in,,,64,100,64,100,GEMA,GEMA,-,-,-,-,-,-,-
5189607-001,NUNC DIMTTIS,DP,39657154,Textdichter/-in,,,36,0,36,0,DP,DP,-,-,-,-,-,-,-
5370507-002,"FREUT EUCH, IHR LIEBEN CHRISTEN",DP,39657154,Komponist/-in,,,38.4,0,38.4,0,DP,DP,-,-,-,-,-,-,-
5370507-002,"FREUT EUCH, IHR LIEBEN CHRISTEN","VOGT, EMANUEL",266446936,Bearbeiter/-in,,,25.6,100,25.6,100,GEMA,GEMA,-,-,-,-,-,-,-
5370507-002,"FREUT EUCH, IHR LIEBEN CHRISTEN",DP,39657154,Textdichter/-in,,,36,0,36,0,DP,DP,-,-,-,-,-,-,-
5370514-002,"O KOMM, IMMANUEL","BONE, HEINRICH",3628413,Komponist/-in,,,38.4,0,38.4,0,DP,DP,-,-,-,-,-,-,-
5370514-002,"O KOMM, IMMANUEL","VOGT, EMANUEL",266446936,Bearbeiter/-in,,,25.6,100,25.6,100,GEMA,GEMA,-,-,-,-,-,-,-
5370514-002,"O KOMM, IMMANUEL","BONE, HEINRICH",3628413,Textdichter/-in,,,36,0,36,0,DP,DP,-,-,-,-,-,-,-
5992202-002,PSALM 130,"VOGT, EMANUEL",266446936,Komponist/-in,,,64,50,64,50,GEMA,GEMA,-,-,-,-,-,-,-
5992202-002,PSALM 130,DP,39657154,Textdichter/-in,,,21.6,0,21.6,0,DP,DP,-,-,-,-,-,-,-
5992202-002,PSALM 130,"LAMPARTER, HELMUT",208909654,Spezialtextdichter/-in,,,14.4,50,14.4,50,,,-,-,-,-,-,-,-
5992212-002,UNBEKANNT,"VOGT, EMANUEL",266446936,Komponist/-in,,,64,50,64,50,GEMA,GEMA,-,-,-,-,-,-,-
5992212-002,UNBEKANNT,DP,39657154,Textdichter/-in,,,21.6,0,21.6,0,DP,DP,-,-,-,-,-,-,-
5992212-002,UNBEKANNT,"VOGT, EMANUEL",266446936,Spezialtextdichter/-in,,,14.4,50,14.4,50,GEMA,GEMA,-,-,-,-,-,-,-
5992216-001,PSALM 27,"VOGT, EMANUEL",266446936,Komponist/-in,,,64,100,64,100,GEMA,GEMA,-,-,-,-,-,-,-
5992216-001,PSALM 27,DP,39657154,Textdichter/-in,,,36,0,36,0,DP,DP,-,-,-,-,-,-,-
5992218-001,PSALM 33,"VOGT, EMANUEL",266446936,Komponist/-in,,,64,100,64,100,GEMA,GEMA,-,-,-,-,-,-,-
5992218-001,PSALM 33,DP,39657154,Textdichter/-in,,,36,0,36,0,DP,DP,-,-,-,-,-,-,-
5992236-001,PSALM 25,"VOGT, EMANUEL",266446936,Komponist/-in,,,64,100,64,100,GEMA,GEMA,-,-,-,-,-,-,-
5992236-001,PSALM 25,DP,39657154,Textdichter/-in,,,36,0,36,0,DP,DP,-,-,-,-,-,-,-
5992239-001,PSALM 100,"VOGT, EMANUEL",266446936,Komponist/-in,,,64,100,64,100,GEMA,GEMA,-,-,-,-,-,-,-
5992239-001,PSALM 100,DP,39657154,Textdichter/-in,,,36,0,36,0,DP,DP,-,-,-,-,-,-,-
5992241-001,PSALM 104,"VOGT, EMANUEL",266446936,Komponist/-in,,,64,100,64,100,GEMA,GEMA,-,-,-,-,-,-,-
5992241-001,PSALM 104,DP,39657154,Textdichter/-in,,,36,0,36,0,DP,DP,-,-,-,-,-,-,-
5992243-001,PSALM 127,"VOGT, EMANUEL",266446936,Komponist/-in,,,64,100,64,100,GEMA,GEMA,-,-,-,-,-,-,-
5992243-001,PSALM 127,DP,39657154,Textdichter/-in,,,36,0,36,0,DP,DP,-,-,-,-,-,-,-
5992244-001,PSALM 34,"VOGT, EMANUEL",266446936,Komponist/-in,,,64,100,64,100,GEMA,GEMA,-,-,-,-,-,-,-
5992244-001,PSALM 34,DP,39657154,Textdichter/-in,,,36,0,36,0,DP,DP,-,-,-,-,-,-,-
5992247-001,PSALM 139,"VOGT, EMANUEL",266446936,Komponist/-in,,,64,100,64,100,GEMA,GEMA,-,-,-,-,-,-,-
5992247-001,PSALM 139,DP,39657154,Textdichter/-in,,,36,0,36,0,DP,DP,-,-,-,-,-,-,-
5992257-001,PSALM 23,"VOGT, EMANUEL",266446936,Komponist/-in,,,64,100,64,100,GEMA,GEMA,-,-,-,-,-,-,-
5992257-001,PSALM 23,DP,39657154,Textdichter/-in,,,36,0,36,0,DP,DP,-,-,-,-,-,-,-
7639658-001,PSALM 1:MIR STEHET DEINE HULD VOR AUGEN,"VOGT, EMANUEL",266446936,Komponist/-in,,,64,100,64,100,GEMA,GEMA,-,-,-,-,-,-,-
7639658-001,PSALM 1:MIR STEHET DEINE HULD VOR AUGEN,DP,39657154,Textdichter/-in,,,36,0,36,0,DP,DP,-,-,-,-,-,-,-
7639685-001,PSALM 90:TAUSEND JAHRE SIND VOR DIR,"VOGT, EMANUEL",266446936,Komponist/-in,,,64,50,64,50,GEMA,GEMA,-,-,-,-,-,-,-
7639685-001,PSALM 90:TAUSEND JAHRE SIND VOR DIR,"LAMPARTER, HELMUT",208909654,Textdichter/-in,,,36,50,36,50,,,-,-,-,-,-,-,-
7639702-001,PSALM 27:HARRE DES HERRN,"VOGT, EMANUEL",266446936,Komponist/-in,,,64,50,64,50,GEMA,GEMA,-,-,-,-,-,-,-
7639702-001,PSALM 27:HARRE DES HERRN,"VOGT, EMANUEL",266446936,Textdichter/-in,,,36,50,36,50,GEMA,GEMA,-,-,-,-,-,-,-
8198500-001,PSALM 4:ERBARME DICH MEINER,"VOGT, EMANUEL",266446936,Komponist/-in,,,64,100,64,100,GEMA,GEMA,-,-,-,-,-,-,-
8198500-001,PSALM 4:ERBARME DICH MEINER,DP,39657154,Textdichter/-in,,,36,0,36,0,DP,DP,-,-,-,-,-,-,-
8198508-001,PSALM 19:DIE HIMMEL ERZAEHLEN,"VOGT, EMANUEL",266446936,Komponist/-in,,,64,100,64,100,GEMA,GEMA,-,-,-,-,-,-,-
8198508-001,PSALM 19:DIE HIMMEL ERZAEHLEN,DP,39657154,Textdichter/-in,,,36,0,36,0,DP,DP,-,-,-,-,-,-,-
8198509-001,PSALM 25:DIE PFADE DES HERRN,"VOGT, EMANUEL",266446936,Komponist/-in,,,64,100,64,100,GEMA,GEMA,-,-,-,-,-,-,-
8198509-001,PSALM 25:DIE PFADE DES HERRN,DP,39657154,Textdichter/-in,,,36,0,36,0,DP,DP,-,-,-,-,-,-,-
8198510-001,PSALM 31:IN DEINE HAENDE BEFIEHLE,"VOGT, EMANUEL",266446936,Komponist/-in,,,64,100,64,100,GEMA,GEMA,-,-,-,-,-,-,-
8198510-001,PSALM 31:IN DEINE HAENDE BEFIEHLE,DP,39657154,Textdichter/-in,,,36,0,36,0,DP,DP,-,-,-,-,-,-,-
8198511-001,"PSALM 92:HERR, WIE SIND DEINE WERKE","VOGT, EMANUEL",266446936,Komponist/-in,,,64,100,64,100,GEMA,GEMA,-,-,-,-,-,-,-
8198511-001,"PSALM 92:HERR, WIE SIND DEINE WERKE",DP,39657154,Textdichter/-in,,,36,0,36,0,DP,DP,-,-,-,-,-,-,-
8198512-001,PSALM 95:KOMMT HERZU UND LASST UNS DEM HERRN FROHLOCKEN,"VOGT, EMANUEL",266446936,Komponist/-in,,,64,100,64,100,GEMA,GEMA,-,-,-,-,-,-,-
8198512-001,PSALM 95:KOMMT HERZU UND LASST UNS DEM HERRN FROHLOCKEN,DP,39657154,Textdichter/-in,,,36,0,36,0,DP,DP,-,-,-,-,-,-,-
8198513-001,PSALM 119:OEFFNE MIR DIE AUGEN(WOHL DENEN DIE OHNE TADEL LEBEN),"VOGT, EMANUEL",266446936,Komponist/-in,,,64,100,64,100,GEMA,GEMA,-,-,-,-,-,-,-
8198513-001,PSALM 119:OEFFNE MIR DIE AUGEN(WOHL DENEN DIE OHNE TADEL LEBEN),DP,39657154,Textdichter/-in,,,36,0,36,0,DP,DP,-,-,-,-,-,-,-
8198514-001,PSALM 127:UNSERE HILFE STEHET IM NAMEN DES HERREN,"VOGT, EMANUEL",266446936,Komponist/-in,,,64,100,64,100,GEMA,GEMA,-,-,-,-,-,-,-
8198514-001,PSALM 127:UNSERE HILFE STEHET IM NAMEN DES HERREN,DP,39657154,Textdichter/-in,,,36,0,36,0,DP,DP,-,-,-,-,-,-,-
8198515-001,"PSALM 139:HERR, DU ERFORSCHEST MICH","VOGT, EMANUEL",266446936,Komponist/-in,,,64,100,64,100,GEMA,GEMA,-,-,-,-,-,-,-
8198515-001,"PSALM 139:HERR, DU ERFORSCHEST MICH",DP,39657154,Textdichter/-in,,,36,0,36,0,DP,DP,-,-,-,-,-,-,-
8198516-001,"PSALM 143:HERR, ERHOERE MEIN GEBET","VOGT, EMANUEL",266446936,Komponist/-in,,,64,100,64,100,GEMA,GEMA,-,-,-,-,-,-,-
8198516-001,"PSALM 143:HERR, ERHOERE MEIN GEBET",DP,39657154,Textdichter/-in,,,36,0,36,0,DP,DP,-,-,-,-,-,-,-
8198517-001,PSALM 150:ALLES WAS ODEM HAT,"VOGT, EMANUEL",266446936,Komponist/-in,,,64,100,64,100,GEMA,GEMA,-,-,-,-,-,-,-
8198517-001,PSALM 150:ALLES WAS ODEM HAT,DP,39657154,Textdichter/-in,,,36,0,36,0,DP,DP,-,-,-,-,-,-,-
8198521-001,PSALM 96:LOBET DEN HERRN,"VOGT, EMANUEL",266446936,Komponist/-in,,,64,50,64,50,GEMA,GEMA,-,-,-,-,-,-,-
8198521-001,PSALM 96:LOBET DEN HERRN,"VOGT, EMANUEL",266446936,Textdichter/-in,,,36,50,36,50,GEMA,GEMA,-,-,-,-,-,-,-
8198524-001,PSALM 146:ICH WILL DEN HERREN LOBEN,"VOGT, EMANUEL",266446936,Komponist/-in,,,64,50,64,50,GEMA,GEMA,-,-,-,-,-,-,-
8198524-001,PSALM 146:ICH WILL DEN HERREN LOBEN,"VOGT, EMANUEL",266446936,Textdichter/-in,,,36,50,36,50,GEMA,GEMA,-,-,-,-,-,-,-
8198525-001,PSALM:149:HALLELUJAH!SINGET DEM HERRN EIN NEUES LIED,"VOGT, EMANUEL",266446936,Komponist/-in,,,64,50,64,50,GEMA,GEMA,-,-,-,-,-,-,-
8198525-001,PSALM:149:HALLELUJAH!SINGET DEM HERRN EIN NEUES LIED,"VOGT, EMANUEL",266446936,Textdichter/-in,,,36,50,36,50,GEMA,GEMA,-,-,-,-,-,-,-
8198526-001,"JESAJA 53:SIEHE, DAS IST GOTTES LAMM","VOGT, EMANUEL",266446936,Komponist/-in,,,64,50,64,50,GEMA,GEMA,-,-,-,-,-,-,-
8198526-001,"JESAJA 53:SIEHE, DAS IST GOTTES LAMM","VOGT, EMANUEL",266446936,Textdichter/-in,,,36,50,36,50,GEMA,GEMA,-,-,-,-,-,-,-
8198531-001,"PSALM 130:HERR, ERHOERE MEINE STIMME","VOGT, EMANUEL",266446936,Komponist/-in,,,64,50,64,50,GEMA,GEMA,-,-,-,-,-,-,-
8198531-001,"PSALM 130:HERR, ERHOERE MEINE STIMME","LAMPARTER, HELMUT",208909654,Textdichter/-in,,,36,50,36,50,,,-,-,-,-,-,-,-
8198552-001,PSALM 126:WENN DER HERR DIE GEFANGENEN ZIONS ERLOESEN WIRD,"VOGT, EMANUEL",266446936,Komponist/-in,,,64,50,64,50,GEMA,GEMA,-,-,-,-,-,-,-
8198552-001,PSALM 126:WENN DER HERR DIE GEFANGENEN ZIONS ERLOESEN WIRD,"VOGT, EMANUEL",266446936,Textdichter/-in,,,36,50,36,50,GEMA,GEMA,-,-,-,-,-,-,-
8198553-001,PSALM 136:DANKET DEM HERRN,"VOGT, EMANUEL",266446936,Komponist/-in,,,64,50,64,50,GEMA,GEMA,-,-,-,-,-,-,-
8198553-001,PSALM 136:DANKET DEM HERRN,"VOGT, EMANUEL",266446936,Textdichter/-in,,,36,50,36,50,GEMA,GEMA,-,-,-,-,-,-,-
8257039-001,PSALM 4,"VOGT, EMANUEL",266446936,Komponist/-in,,E2,42.67,60,42.67,60,GEMA,GEMA,-,-,-,-,-,-,-
8257039-001,PSALM 4,DP,39657154,Textdichter/-in,,E1,24,0,24,0,DP,DP,-,-,-,-,-,-,-
8257039-001,PSALM 4,STRUBE VERLAG-GMBH,136758548,Originalverlag,E1,,12,20,33.33,40,GEMA,GEMA,-,-,DP,39657154,Textdichter/-in,-,-
8257039-001,PSALM 4,STRUBE VERLAG-GMBH,136758548,Originalverlag,E2,,21.33,20,33.33,40,GEMA,GEMA,-,-,"VOGT, EMANUEL",266446936,Komponist/-in,-,-
8257047-001,PSALM 22,"VOGT, EMANUEL",266446936,Komponist/-in,,E2,42.67,60,42.67,60,GEMA,GEMA,-,-,-,-,-,-,-
8257047-001,PSALM 22,DP,39657154,Textdichter/-in,,E1,24,0,24,0,DP,DP,-,-,-,-,-,-,-
8257047-001,PSALM 22,STRUBE VERLAG-GMBH,136758548,Originalverlag,E1,,12,20,33.33,40,GEMA,GEMA,-,-,DP,39657154,Textdichter/-in,-,-
8257047-001,PSALM 22,STRUBE VERLAG-GMBH,136758548,Originalverlag,E2,,21.33,20,33.33,40,GEMA,GEMA,-,-,"VOGT, EMANUEL",266446936,Komponist/-in,-,-
8257048-001,PSALM 24,"VOGT, EMANUEL",266446936,Komponist/-in,,E2,42.67,60,42.67,60,GEMA,GEMA,-,-,-,-,-,-,-
8257048-001,PSALM 24,DP,39657154,Textdichter/-in,,E1,24,0,24,0,DP,DP,-,-,-,-,-,-,-
8257048-001,PSALM 24,STRUBE VERLAG-GMBH,136758548,Originalverlag,E1,,12,20,33.33,40,GEMA,GEMA,-,-,DP,39657154,Textdichter/-in,-,-
8257048-001,PSALM 24,STRUBE VERLAG-GMBH,136758548,Originalverlag,E2,,21.33,20,33.33,40,GEMA,GEMA,-,-,"VOGT, EMANUEL",266446936,Komponist/-in,-,-
8257049-001,PSALM 31,"VOGT, EMANUEL",266446936,Komponist/-in,,E2,42.67,60,42.67,60,GEMA,GEMA,-,-,-,-,-,-,-
8257049-001,PSALM 31,DP,39657154,Textdichter/-in,,E1,24,0,24,0,DP,DP,-,-,-,-,-,-,-
8257049-001,PSALM 31,STRUBE VERLAG-GMBH,136758548,Originalverlag,E1,,12,20,33.33,40,GEMA,GEMA,-,-,DP,39657154,Textdichter/-in,-,-
8257049-001,PSALM 31,STRUBE VERLAG-GMBH,136758548,Originalverlag,E2,,21.33,20,33.33,40,GEMA,GEMA,-,-,"VOGT, EMANUEL",266446936,Komponist/-in,-,-
8257050-001,PSALM 42,"VOGT, EMANUEL",266446936,Komponist/-in,,E2,42.67,60,42.67,60,GEMA,GEMA,-,-,-,-,-,-,-
8257050-001,PSALM 42,DP,39657154,Textdichter/-in,,E1,24,0,24,0,DP,DP,-,-,-,-,-,-,-
8257050-001,PSALM 42,STRUBE VERLAG-GMBH,136758548,Originalverlag,E1,,12,20,33.33,40,GEMA,GEMA,-,-,DP,39657154,Textdichter/-in,-,-
8257050-001,PSALM 42,STRUBE VERLAG-GMBH,136758548,Originalverlag,E2,,21.33,20,33.33,40,GEMA,GEMA,-,-,"VOGT, EMANUEL",266446936,Komponist/-in,-,-
8257051-001,"PSALM 103#1-5, 8-13","VOGT, EMANUEL",266446936,Komponist/-in,,E2,42.67,60,42.67,60,GEMA,GEMA,-,-,-,-,-,-,-
8257051-001,"PSALM 103#1-5, 8-13",DP,39657154,Textdichter/-in,,E1,24,0,24,0,DP,DP,-,-,-,-,-,-,-
8257051-001,"PSALM 103#1-5, 8-13",STRUBE VERLAG-GMBH,136758548,Originalverlag,E1,,12,20,33.33,40,GEMA,GEMA,-,-,DP,39657154,Textdichter/-in,-,-
8257051-001,"PSALM 103#1-5, 8-13",STRUBE VERLAG-GMBH,136758548,Originalverlag,E2,,21.33,20,33.33,40,GEMA,GEMA,-,-,"VOGT, EMANUEL",266446936,Komponist/-in,-,-
8257052-001,PSALM 103#1-13,"VOGT, EMANUEL",266446936,Komponist/-in,,E2,42.67,60,42.67,60,GEMA,GEMA,-,-,-,-,-,-,-
8257052-001,PSALM 103#1-13,DP,39657154,Textdichter/-in,,E1,24,0,24,0,DP,DP,-,-,-,-,-,-,-
8257052-001,PSALM 103#1-13,STRUBE VERLAG-GMBH,136758548,Originalverlag,E1,,12,20,33.33,40,GEMA,GEMA,-,-,DP,39657154,Textdichter/-in,-,-
8257052-001,PSALM 103#1-13,STRUBE VERLAG-GMBH,136758548,Originalverlag,E2,,21.33,20,33.33,40,GEMA,GEMA,-,-,"VOGT, EMANUEL",266446936,Komponist/-in,-,-
8257053-001,PSALM 123,"VOGT, EMANUEL",266446936,Komponist/-in,,E2,42.67,60,42.67,60,GEMA,GEMA,-,-,-,-,-,-,-
8257053-001,PSALM 123,DP,39657154,Textdichter/-in,,E1,24,0,24,0,DP,DP,-,-,-,-,-,-,-
8257053-001,PSALM 123,STRUBE VERLAG-GMBH,136758548,Originalverlag,E1,,12,20,33.33,40,GEMA,GEMA,-,-,DP,39657154,Textdichter/-in,-,-
8257053-001,PSALM 123,STRUBE VERLAG-GMBH,136758548,Originalverlag,E2,,21.33,20,33.33,40,GEMA,GEMA,-,-,"VOGT, EMANUEL",266446936,Komponist/-in,-,-
8257054-001,PSALM 143#1-11,"VOGT, EMANUEL",266446936,Komponist/-in,,E2,42.67,60,42.67,60,GEMA,GEMA,-,-,-,-,-,-,-
8257054-001,PSALM 143#1-11,DP,39657154,Textdichter/-in,,E1,24,0,24,0,DP,DP,-,-,-,-,-,-,-
8257054-001,PSALM 143#1-11,STRUBE VERLAG-GMBH,136758548,Originalverlag,E1,,12,20,33.33,40,GEMA,GEMA,-,-,DP,39657154,Textdichter/-in,-,-
8257054-001,PSALM 143#1-11,STRUBE VERLAG-GMBH,136758548,Originalverlag,E2,,21.33,20,33.33,40,GEMA,GEMA,-,-,"VOGT, EMANUEL",266446936,Komponist/-in,-,-
8257055-001,NUNC DIMITTIS NR.1 (LUC.2),"VOGT, EMANUEL",266446936,Komponist/-in,,E2,42.67,60,42.67,60,GEMA,GEMA,-,-,-,-,-,-,-
8257055-001,NUNC DIMITTIS NR.1 (LUC.2),DP,39657154,Textdichter/-in,,E1,24,0,24,0,DP,DP,-,-,-,-,-,-,-
8257055-001,NUNC DIMITTIS NR.1 (LUC.2),STRUBE VERLAG-GMBH,136758548,Originalverlag,E1,,12,20,33.33,40,GEMA,GEMA,-,-,DP,39657154,Textdichter/-in,-,-
8257055-001,NUNC DIMITTIS NR.1 (LUC.2),STRUBE VERLAG-GMBH,136758548,Originalverlag,E2,,21.33,20,33.33,40,GEMA,GEMA,-,-,"VOGT, EMANUEL",266446936,Komponist/-in,-,-
8257056-001,NUNC DIMITTIS NR.2 (LUC.2),"VOGT, EMANUEL",266446936,Komponist/-in,,E2,42.67,60,42.67,60,GEMA,GEMA,-,-,-,-,-,-,-
8257056-001,NUNC DIMITTIS NR.2 (LUC.2),DP,39657154,Textdichter/-in,,E1,24,0,24,0,DP,DP,-,-,-,-,-,-,-
8257056-001,NUNC DIMITTIS NR.2 (LUC.2),STRUBE VERLAG-GMBH,136758548,Originalverlag,E1,,12,20,33.33,40,GEMA,GEMA,-,-,DP,39657154,Textdichter/-in,-,-
8257056-001,NUNC DIMITTIS NR.2 (LUC.2),STRUBE VERLAG-GMBH,136758548,Originalverlag,E2,,21.33,20,33.33,40,GEMA,GEMA,-,-,"VOGT, EMANUEL",266446936,Komponist/-in,-,-
8257057-001,BENEDICTUS (LUC.1),"VOGT, EMANUEL",266446936,Komponist/-in,,E2,42.67,60,42.67,60,GEMA,GEMA,-,-,-,-,-,-,-
8257057-001,BENEDICTUS (LUC.1),DP,39657154,Textdichter/-in,,E1,24,0,24,0,DP,DP,-,-,-,-,-,-,-
8257057-001,BENEDICTUS (LUC.1),STRUBE VERLAG-GMBH,136758548,Originalverlag,E1,,12,20,33.33,40,GEMA,GEMA,-,-,DP,39657154,Textdichter/-in,-,-
8257057-001,BENEDICTUS (LUC.1),STRUBE VERLAG-GMBH,136758548,Originalverlag,E2,,21.33,20,33.33,40,GEMA,GEMA,-,-,"VOGT, EMANUEL",266446936,Komponist/-in,-,-
8257059-001,PSALM 19,"VOGT, EMANUEL",266446936,Komponist/-in,,E1,42.67,30,42.67,30,GEMA,GEMA,-,-,-,-,-,-,-
8257059-001,PSALM 19,"VOGT, EMANUEL",266446936,Textdichter/-in,,E2,24,30,24,30,GEMA,GEMA,-,-,-,-,-,-,-
8257059-001,PSALM 19,STRUBE VERLAG-GMBH,136758548,Originalverlag,E1,,21.33,20,33.33,40,GEMA,GEMA,-,-,"VOGT, EMANUEL",266446936,Komponist/-in,-,-
8257059-001,PSALM 19,STRUBE VERLAG-GMBH,136758548,Originalverlag,E2,,12,20,33.33,40,GEMA,GEMA,-,-,"VOGT, EMANUEL",266446936,Textdichter/-in,-,-
8257065-001,PSALM 96,"VOGT, EMANUEL",266446936,Komponist/-in,,E1,42.67,30,42.67,30,GEMA,GEMA,-,-,-,-,-,-,-
8257065-001,PSALM 96,"VOGT, EMANUEL",266446936,Textdichter/-in,,E2,24,30,24,30,GEMA,GEMA,-,-,-,-,-,-,-
8257065-001,PSALM 96,STRUBE VERLAG-GMBH,136758548,Originalverlag,E1,,21.33,20,33.33,40,GEMA,GEMA,-,-,"VOGT, EMANUEL",266446936,Komponist/-in,-,-
8257065-001,PSALM 96,STRUBE VERLAG-GMBH,136758548,Originalverlag,E2,,12,20,33.33,40,GEMA,GEMA,-,-,"VOGT, EMANUEL",266446936,Textdichter/-in,-,-
8257066-001,PSALM 102,"VOGT, EMANUEL",266446936,Komponist/-in,,E1,42.67,30,42.67,30,GEMA,GEMA,-,-,-,-,-,-,-
8257066-001,PSALM 102,"VOGT, EMANUEL",266446936,Textdichter/-in,,E2,24,30,24,30,GEMA,GEMA,-,-,-,-,-,-,-
8257066-001,PSALM 102,STRUBE VERLAG-GMBH,136758548,Originalverlag,E1,,21.33,20,33.33,40,GEMA,GEMA,-,-,"VOGT, EMANUEL",266446936,Komponist/-in,-,-
8257066-001,PSALM 102,STRUBE VERLAG-GMBH,136758548,Originalverlag,E2,,12,20,33.33,40,GEMA,GEMA,-,-,"VOGT, EMANUEL",266446936,Textdichter/-in,-,-
8257067-001,PSALM 149,"VOGT, EMANUEL",266446936,Komponist/-in,,E1,42.67,30,42.67,30,GEMA,GEMA,-,-,-,-,-,-,-
8257067-001,PSALM 149,"VOGT, EMANUEL",266446936,Textdichter/-in,,E2,24,30,24,30,GEMA,GEMA,-,-,-,-,-,-,-
8257067-001,PSALM 149,STRUBE VERLAG-GMBH,136758548,Originalverlag,E1,,21.33,20,33.33,40,GEMA,GEMA,-,-,"VOGT, EMANUEL",266446936,Komponist/-in,-,-
8257067-001,PSALM 149,STRUBE VERLAG-GMBH,136758548,Originalverlag,E2,,12,20,33.33,40,GEMA,GEMA,-,-,"VOGT, EMANUEL",266446936,Textdichter/-in,-,-
8257068-001,PSALM 148#1-4,"VOGT, EMANUEL",266446936,Komponist/-in,,E1,42.67,30,42.67,30,GEMA,GEMA,-,-,-,-,-,-,-
8257068-001,PSALM 148#1-4,"VOGT, EMANUEL",266446936,Textdichter/-in,,E2,24,30,24,30,GEMA,GEMA,-,-,-,-,-,-,-
8257068-001,PSALM 148#1-4,STRUBE VERLAG-GMBH,136758548,Originalverlag,E1,,21.33,20,33.33,40,GEMA,GEMA,-,-,"VOGT, EMANUEL",266446936,Komponist/-in,-,-
8257068-001,PSALM 148#1-4,STRUBE VERLAG-GMBH,136758548,Originalverlag,E2,,12,20,33.33,40,GEMA,GEMA,-,-,"VOGT, EMANUEL",266446936,Textdichter/-in,-,-
8257069-001,"PSALM 92#2, 6-9","VOGT, EMANUEL",266446936,Komponist/-in,,E1,42.67,30,42.67,30,GEMA,GEMA,-,-,-,-,-,-,-
8257069-001,"PSALM 92#2, 6-9","VOGT, EMANUEL",266446936,Textdichter/-in,,E2,24,30,24,30,GEMA,GEMA,-,-,-,-,-,-,-
8257069-001,"PSALM 92#2, 6-9",STRUBE VERLAG-GMBH,136758548,Originalverlag,E1,,21.33,20,33.33,40,GEMA,GEMA,-,-,"VOGT, EMANUEL",266446936,Komponist/-in,-,-
8257069-001,"PSALM 92#2, 6-9",STRUBE VERLAG-GMBH,136758548,Originalverlag,E2,,12,20,33.33,40,GEMA,GEMA,-,-,"VOGT, EMANUEL",266446936,Textdichter/-in,-,-
8688444-001,ARIA NORVEGICA,"VOGT, EMANUEL",266446936,Komponist/-in,,,100,100,100,100,GEMA,GEMA,-,-,-,-,-,-,-
9172215-001,PRAELUDIUM UND FUGATO G-MOLL,"VOGT, EMANUEL",266446936,Komponist/-in,,E1,66.67,60,66.67,60,GEMA,GEMA,-,-,-,-,-,-,-
9172215-001,PRAELUDIUM UND FUGATO G-MOLL,STRUBE VERLAG-GMBH,136758548,Originalverlag,E1,,33.33,40,33.33,40,GEMA,GEMA,-,-,"VOGT, EMANUEL",266446936,Komponist/-in,-,-
