category,folder,filename,filepath,file_type,file_size_bytes,file_size_mb,work_number,work_num,sample_range
Psalmen,Die Noten,1 - Psalm 1.pdf,files/Psalmen/Die Noten/1 - Psalm 1.pdf,pdf,8325280,7.94,1,1.0,Early Works
Werke,Werke 81 bis 100,91b - Inmitten der Nacht.pdf,files/Werke - außer Psalmen/Werke 81 bis 100/91b - Inmitten der Nacht.pdf,pdf,67498,0.06,91b,91.0,Early Works
Werke,Werke 61 bis 80,80 - O du fröhliche - Intonation.pdf,files/Werke - außer Psalmen/Werke 61 bis 80/80 - O du fröhliche - Intonation.pdf,pdf,46837,0.04,80,80.0,Early Works
Psalmen,Die Noten,83 - Psalm 103 - Seiten 2 und 3.pdf,files/Psalmen/Die Noten/83 - Psalm 103 - Seiten 2 und 3.pdf,pdf,102034,0.1,83,83.0,Early Works
Werke,Werke 21 bis 40,40 - Ach mein Herr Jesulein....pdf,files/Werke - außer Psalmen/Werke 21 bis 40/40 - Ach mein Herr Jesulein....pdf,pdf,74090,0.07,40,40.0,Early Works
Werke,Werke 1 bis 20,11 - EG 11 - Wie soll ich dich....pdf,files/Werke - außer Psalmen/Werke 1 bis 20/11 - EG 11 - Wie soll ich dich....pdf,pdf,62623,0.06,11,11.0,Early Works
Werke,Werke 61 bis 80,76 - Christus ist erstanden - Seite 2.pdf,files/Werke - außer Psalmen/Werke 61 bis 80/76 - Christus ist erstanden - Seite 2.pdf,pdf,79718,0.08,76,76.0,Early Works
Werke,Werke 81 bis 100,"87 - Amen, Amen.....pdf","files/Werke - außer Psalmen/Werke 81 bis 100/87 - Amen, Amen.....pdf",pdf,82110,0.08,87,87.0,Early Works
Psalmen,Die Noten,48 - Psalm 47 - Seite 1.pdf,files/Psalmen/Die Noten/48 - Psalm 47 - Seite 1.pdf,pdf,88642,0.08,48,48.0,Early Works
Werke,Werke 1 bis 20,2 - Abschied von Bohlsen - Seite 1.pdf,files/Werke - außer Psalmen/Werke 1 bis 20/2 - Abschied von Bohlsen - Seite 1.pdf,pdf,11137,0.01,2,2.0,Early Works
Psalmen,Die Noten,102 - Psalm 127 Seiten 2 und 3.pdf,files/Psalmen/Die Noten/102 - Psalm 127 Seiten 2 und 3.pdf,pdf,158807,0.15,102,102.0,Werke 1-400
Werke,Werke 181 bis 200,191 - Danza Hungaria - Seiten 2 - 5.pdf,files/Werke - außer Psalmen/Werke 181 bis 200/191 - Danza Hungaria - Seiten 2 - 5.pdf,pdf,61649205,58.79,191,191.0,Werke 1-400
Werke,Werke 121 bis 140,131 - Er hat uns wissen lassen....pdf,files/Werke - außer Psalmen/Werke 121 bis 140/131 - Er hat uns wissen lassen....pdf,pdf,109039,0.1,131,131.0,Werke 1-400
Werke,Werke 181 bis 200,182 - Von Engeln ward verheißen - Kopie (2).pdf,files/Werke - außer Psalmen/Werke 181 bis 200/182 - Von Engeln ward verheißen - Kopie (2).pdf,pdf,86816,0.08,182,182.0,Werke 1-400
Werke,Werke 241 bis 260,258 - Was soll das bedeuten.pdf,files/Werke - außer Psalmen/Werke 241 bis 260/258 - Was soll das bedeuten.pdf,pdf,98311,0.09,258,258.0,Werke 1-400
Werke,Werke 281 bis 300,298 - Ohne Titel.pdf,files/Werke - außer Psalmen/Werke 281 bis 300/298 - Ohne Titel.pdf,pdf,1712782,1.63,298,298.0,Werke 1-400
Psalmen,Die Noten,155 - Psalm 24.pdf,files/Psalmen/Die Noten/155 - Psalm 24.pdf,pdf,688208,0.66,155,155.0,Werke 1-400
Werke,Werke 141 bis 160,168 - Präludium in C-Dur - Seiten 1 und 2.pdf,files/Werke - außer Psalmen/Werke 141 bis 160/168 - Präludium in C-Dur - Seiten 1 und 2.pdf,pdf,173586,0.17,168,168.0,Werke 1-400
Psalmen,Die Noten,7 - Psalm 19 - Seite 2.pdf,files/Psalmen/Die Noten/7 - Psalm 19 - Seite 2.pdf,pdf,65134,0.06,7,7.0,Werke 1-400
Psalmen,Die Noten,32 - Psalm 27.pdf,files/Psalmen/Die Noten/32 - Psalm 27.pdf,pdf,83784,0.08,32,32.0,Werke 1-400
Werke,Werke 641 bis  660,647b- Präludium in D-Dur.pdf,files/Werke - außer Psalmen/Werke 641 bis  660/647b- Präludium in D-Dur.pdf,pdf,54533,0.05,647b,647.0,Werke 401-800
Werke,Werke 421 bis 440,422 - Fröhliche Weihnacht - Titelseite.pdf,files/Werke - außer Psalmen/Werke 421 bis 440/422 - Fröhliche Weihnacht - Titelseite.pdf,pdf,3419137,3.26,422,422.0,Werke 401-800
Werke,Werke 704 bis 720,717 - Norwegische Intrade - Seite 3.pdf,files/Werke - außer Psalmen/Werke 704 bis 720/717 - Norwegische Intrade - Seite 3.pdf,pdf,198471,0.19,717,717.0,Werke 401-800
Werke,Werke 561 bis 580,564 - Psalom 16.pdf,files/Werke - außer Psalmen/Werke 561 bis 580/564 - Psalom 16.pdf,pdf,84701,0.08,564,564.0,Werke 401-800
Werke,Werke 501 bis 520,512 - Kanons zur Weihnacht - Seiten 1 und 2.pdf,files/Werke - außer Psalmen/Werke 501 bis 520/512 - Kanons zur Weihnacht - Seiten 1 und 2.pdf,pdf,6363193,6.07,512,512.0,Werke 401-800
Werke,Werke 541 bis 560,"552 - Guter Mond, du gehst so stille....pdf","files/Werke - außer Psalmen/Werke 541 bis 560/552 - Guter Mond, du gehst so stille....pdf",pdf,22667,0.02,552,552.0,Werke 401-800
Werke,Werke 521 bis 540,525 - Sayuni - Seiten 1 und 2.pdf,files/Werke - außer Psalmen/Werke 521 bis 540/525 - Sayuni - Seiten 1 und 2.pdf,pdf,35920,0.03,525,525.0,Werke 401-800
Werke,Werke 461 bis 480,462 - Gottes Sohn ist kommen.pdf,files/Werke - außer Psalmen/Werke 461 bis 480/462 - Gottes Sohn ist kommen.pdf,pdf,6075168,5.79,462,462.0,Werke 401-800
Werke,Werke 741 - 760,758 - Das menschliche Leben eilt....pdf,files/Werke - außer Psalmen/Werke 741 - 760/758 - Das menschliche Leben eilt....pdf,pdf,52771,0.05,758,758.0,Werke 401-800
Werke,Werke 401 bis 420,417 - Nun freut euch... - Seite 9.pdf,files/Werke - außer Psalmen/Werke 401 bis 420/417 - Nun freut euch... - Seite 9.pdf,pdf,1517616,1.45,417,417.0,Werke 401-800
Werke,Werke 861 bis 880,861 - Aria.pdf,files/Werke - außer Psalmen/Werke 861 bis 880/861 - Aria.pdf,pdf,91604,0.09,861,861.0,Werke 801-1200
Werke,Werke 1041 - 1060,1045 - Passions-Oster-Meditation.pdf,files/Werke - außer Psalmen/Werke 1041 - 1060/1045 - Passions-Oster-Meditation.pdf,pdf,148874,0.14,1045,1045.0,Werke 801-1200
Werke,Werke 921 - 940,939a - Text zum Ochs und Esel.pdf,files/Werke - außer Psalmen/Werke 921 - 940/939a - Text zum Ochs und Esel.pdf,pdf,277404,0.26,939a,939.0,Werke 801-1200
Werke,Werke 921 - 940,923 - Pedal und Choräle f. d. linke Hand.pdf,files/Werke - außer Psalmen/Werke 921 - 940/923 - Pedal und Choräle f. d. linke Hand.pdf,pdf,88122,0.08,923,923.0,Werke 801-1200
Werke,Werke 1061 - 1080,1078 - Fragment.pdf,files/Werke - außer Psalmen/Werke 1061 - 1080/1078 - Fragment.pdf,pdf,2793257,2.66,1078,1078.0,Werke 801-1200
Werke,Werke 901 - 920,905 - Choralgebundes Interludium.pdf,files/Werke - außer Psalmen/Werke 901 - 920/905 - Choralgebundes Interludium.pdf,pdf,65169,0.06,905,905.0,Werke 801-1200
Werke,Werke 1001 - 1020,1007 - Der Morgenstern ist aufgedrungen.pdf,files/Werke - außer Psalmen/Werke 1001 - 1020/1007 - Der Morgenstern ist aufgedrungen.pdf,pdf,109628,0.1,1007,1007.0,Werke 801-1200
Werke,Werke 1061 - 1080,1079 - Fragment.pdf,files/Werke - außer Psalmen/Werke 1061 - 1080/1079 - Fragment.pdf,pdf,3077468,2.93,1079,1079.0,Werke 801-1200
Werke,Werke 881 bis 900,883 - Präludium h-moll.pdf,files/Werke - außer Psalmen/Werke 881 bis 900/883 - Präludium h-moll.pdf,pdf,132509,0.13,883,883.0,Werke 801-1200
Werke,Werke 1141 - 1160,1141 - Für die C-Flöte.pdf,files/Werke - außer Psalmen/Werke 1141 - 1160/1141 - Für die C-Flöte.pdf,pdf,1891423,1.8,1141,1141.0,Werke 801-1200
Werke,Werke 1581 - 1600,1597 - O freudenreicher Tag.pdf,files/Werke - außer Psalmen/Werke 1581 - 1600/1597 - O freudenreicher Tag.pdf,pdf,798757,0.76,1597,1597.0,Werke 1201-1711
Werke,Werke 1401 - 1420,1417 - Ein Vogel hat gesungen.pdf,files/Werke - außer Psalmen/Werke 1401 - 1420/1417 - Ein Vogel hat gesungen.pdf,pdf,702036,0.67,1417,1417.0,Werke 1201-1711
Werke,Werke 1481 - 1500,1484 - Tauflied.pdf,files/Werke - außer Psalmen/Werke 1481 - 1500/1484 - Tauflied.pdf,pdf,824580,0.79,1484,1484.0,Werke 1201-1711
Werke,Werke 1601 - 1620,1601 - Ein wunderbarer Traum.pdf,files/Werke - außer Psalmen/Werke 1601 - 1620/1601 - Ein wunderbarer Traum.pdf,pdf,501009,0.48,1601,1601.0,Werke 1201-1711
Werke,Werke 1361 - 1380,1372 - Ach du liegst im Stall.pdf,files/Werke - außer Psalmen/Werke 1361 - 1380/1372 - Ach du liegst im Stall.pdf,pdf,4011775,3.83,1372,1372.0,Werke 1201-1711
Werke,Werke 1801 - 1820,"1810 - Lobe den Herren, den....pdf","files/Werke - außer Psalmen/Werke 1801 - 1820/1810 - Lobe den Herren, den....pdf",pdf,269949,0.26,1810,1810.0,Werke 1201-1711
Werke,Werke 1201 - 1220,1214 - Dreisstimmige Übungen für die Hände.pdf,files/Werke - außer Psalmen/Werke 1201 - 1220/1214 - Dreisstimmige Übungen für die Hände.pdf,pdf,645805,0.62,1214,1214.0,Werke 1201-1711
Werke,Werke 1901 - 1920,1915 - Finger-Gymnastik.pdf,files/Werke - außer Psalmen/Werke 1901 - 1920/1915 - Finger-Gymnastik.pdf,pdf,24421,0.02,1915,1915.0,Werke 1201-1711
Werke,Werke 1961 - 1981,"1974, 1975, 1976 - Dem die Hirten lobeten sehre, etc..pdf","files/Werke - außer Psalmen/Werke 1961 - 1981/1974, 1975, 1976 - Dem die Hirten lobeten sehre, etc..pdf",pdf,562819,0.54,1974,1974.0,Werke 1201-1711
Werke,Werke 1281 - 1300,"1290, 1291 - Nun kommt der Heiden Heiland, Es kommt ein Schiff.pdf","files/Werke - außer Psalmen/Werke 1281 - 1300/1290, 1291 - Nun kommt der Heiden Heiland, Es kommt ein Schiff.pdf",pdf,527473,0.5,1290,1290.0,Werke 1201-1711
